Name,0,1,2,3,4,5,6,7,8,9,10,11,12,13,14,15,16,17,18,19,20,21,22,23,24,25,26,27,28,29,30,31,32,33,34,35,36,37,38,39,40,41,42,43,44,45,46,47,48,49,50,51,52,53,54,55,56,57,58,59,60,61,62,63,64,65,66,67,68,69,70,71,72,73,74,75,76,77,78,79,80,81,82,83,84,85,86,87,88,89,90,91,92,93,94,95,96,97,98,99,100,101,102,103,104,105,106,107,108,109,110,111,112,113,114,115,116,117,118,119,120,121,122,123,124,125,126,127,128,129,130,131,132,133,134,135,136,137,138,139,140,141,142,143,144,145,146,147,148,149,150,151,152,153,154
PHA-793887,26,26,4,26,5,26,26,4,22,38,5,37,26,12,22,37,37,26,13,22,26,12,26,37,4,26,13,4,26,5,26,5,26,4,22,38,5,26,14,26,26,37,4,26,26,14,5,26,0,0,0,0,0,0,0,0,0,0,0,0,0,0,0,0,0,0,0,0,0,0,0,0,0,0,0,0,0,0,0,0,0,0,0,0,0,0,0,0,0,0,0,0,0,0,0,0,0,0,0,0,0,0,0,0,0,0,0,0,0,0,0,0,0,0,0,0,0,0,0,0,0,0,0,0,0,0,0,0,0,0,0,0,0,0,0,0,0,0,0,0,0,0,0,0,0,0,0,0,0,0,0,0,0,0,0
LFM-A13,26,26,4,22,26,4,26,2,37,5,26,4,22,38,5,37,26,12,22,26,4,26,22,26,26,4,22,26,12,5,25,69,5,25,69,5,38,0,0,0,0,0,0,0,0,0,0,0,0,0,0,0,0,0,0,0,0,0,0,0,0,0,0,0,0,0,0,0,0,0,0,0,0,0,0,0,0,0,0,0,0,0,0,0,0,0,0,0,0,0,0,0,0,0,0,0,0,0,0,0,0,0,0,0,0,0,0,0,0,0,0,0,0,0,0,0,0,0,0,0,0,0,0,0,0,0,0,0,0,0,0,0,0,0,0,0,0,0,0,0,0,0,0,0,0,0,0,0,0,0,0,0,0,0,0
HG6-64-1,26,26,37,12,26,26,37,4,26,26,12,5,26,26,13,22,26,4,26,22,26,4,26,22,26,13,5,37,26,4,22,38,5,26,14,22,26,26,4,22,26,4,26,22,26,14,5,26,5,26,22,26,26,15,22,26,37,22,26,16,26,4,22,26,15,38,26,5,26,22,26,37,16,5,26,4,29,5,4,29,5,29,0,0,0,0,0,0,0,0,0,0,0,0,0,0,0,0,0,0,0,0,0,0,0,0,0,0,0,0,0,0,0,0,0,0,0,0,0,0,0,0,0,0,0,0,0,0,0,0,0,0,0,0,0,0,0,0,0,0,0,0,0,0,0,0,0,0,0,0,0,0,0,0,0
GW843682X,26,38,26,12,22,26,4,26,22,26,13,26,4,22,26,12,5,37,22,26,37,13,26,14,22,26,26,4,22,26,4,42,14,5,26,4,22,38,5,37,5,38,26,26,15,22,26,26,22,26,26,22,26,15,26,4,29,5,4,29,5,29,5,38,26,0,0,0,0,0,0,0,0,0,0,0,0,0,0,0,0,0,0,0,0,0,0,0,0,0,0,0,0,0,0,0,0,0,0,0,0,0,0,0,0,0,0,0,0,0,0,0,0,0,0,0,0,0,0,0,0,0,0,0,0,0,0,0,0,0,0,0,0,0,0,0,0,0,0,0,0,0,0,0,0,0,0,0,0,0,0,0,0,0,0
Omipalisib,26,38,26,12,22,26,4,26,22,26,4,26,22,37,12,5,26,13,22,26,26,14,22,26,4,26,22,26,37,22,26,14,26,22,26,13,5,26,15,22,26,37,22,37,26,22,26,15,5,37,42,4,22,38,5,4,22,38,5,26,16,22,26,4,26,22,26,4,26,22,26,16,5,29,5,29,0,0,0,0,0,0,0,0,0,0,0,0,0,0,0,0,0,0,0,0,0,0,0,0,0,0,0,0,0,0,0,0,0,0,0,0,0,0,0,0,0,0,0,0,0,0,0,0,0,0,0,0,0,0,0,0,0,0,0,0,0,0,0,0,0,0,0,0,0,0,0,0,0,0,0,0,0,0,0
Elesclomol,26,37,4,26,4,22,42,5,26,12,22,26,26,22,26,26,22,26,12,5,37,26,4,22,38,5,26,26,4,22,38,5,37,37,4,26,5,26,4,22,42,5,26,13,22,26,26,22,26,26,22,26,13,0,0,0,0,0,0,0,0,0,0,0,0,0,0,0,0,0,0,0,0,0,0,0,0,0,0,0,0,0,0,0,0,0,0,0,0,0,0,0,0,0,0,0,0,0,0,0,0,0,0,0,0,0,0,0,0,0,0,0,0,0,0,0,0,0,0,0,0,0,0,0,0,0,0,0,0,0,0,0,0,0,0,0,0,0,0,0,0,0,0,0,0,0,0,0,0,0,0,0,0,0,0
Etoposide,26,26,12,38,26,26,13,26,4,38,12,5,26,4,26,4,26,4,38,13,5,38,26,14,26,15,26,38,26,4,22,38,5,26,15,26,4,26,16,22,26,26,17,22,26,4,26,22,26,14,16,5,38,26,38,17,5,26,18,22,26,26,4,22,26,4,26,4,22,26,18,5,38,26,5,38,5,38,26,5,38,5,38,0,0,0,0,0,0,0,0,0,0,0,0,0,0,0,0,0,0,0,0,0,0,0,0,0,0,0,0,0,0,0,0,0,0,0,0,0,0,0,0,0,0,0,0,0,0,0,0,0,0,0,0,0,0,0,0,0,0,0,0,0,0,0,0,0,0,0,0,0,0,0,0
Navitoclax,26,26,12,4,26,26,26,4,22,26,4,26,12,5,26,37,13,26,26,37,4,26,26,13,5,26,14,22,26,26,22,26,4,26,22,26,14,5,26,4,22,38,5,37,42,4,22,38,5,4,22,38,5,26,15,22,26,26,4,22,26,4,26,22,26,15,5,37,26,4,26,26,37,16,26,26,38,26,26,16,5,26,42,26,17,22,26,26,22,26,26,22,26,17,5,42,4,22,38,5,4,22,38,5,26,4,29,5,4,29,5,29,5,26,18,22,26,26,22,26,4,26,22,26,18,5,26,63,5,26,0,0,0,0,0,0,0,0,0,0,0,0,0,0,0,0,0,0,0,0,0,0,0,0,0
PF-4708671,26,26,26,12,22,26,37,22,26,37,22,26,12,37,13,26,26,37,4,26,26,13,5,26,26,14,22,37,26,15,22,26,4,37,14,5,26,22,26,4,26,22,26,15,5,26,4,29,5,4,29,5,29,0,0,0,0,0,0,0,0,0,0,0,0,0,0,0,0,0,0,0,0,0,0,0,0,0,0,0,0,0,0,0,0,0,0,0,0,0,0,0,0,0,0,0,0,0,0,0,0,0,0,0,0,0,0,0,0,0,0,0,0,0,0,0,0,0,0,0,0,0,0,0,0,0,0,0,0,0,0,0,0,0,0,0,0,0,0,0,0,0,0,0,0,0,0,0,0,0,0,0,0,0,0
GNF-2,26,12,22,26,26,4,22,26,26,4,22,26,12,5,26,4,22,38,5,37,5,26,13,22,26,26,4,22,37,26,22,37,13,5,37,26,14,22,26,26,22,26,4,26,22,26,14,5,38,26,4,29,5,4,29,5,29,0,0,0,0,0,0,0,0,0,0,0,0,0,0,0,0,0,0,0,0,0,0,0,0,0,0,0,0,0,0,0,0,0,0,0,0,0,0,0,0,0,0,0,0,0,0,0,0,0,0,0,0,0,0,0,0,0,0,0,0,0,0,0,0,0,0,0,0,0,0,0,0,0,0,0,0,0,0,0,0,0,0,0,0,0,0,0,0,0,0,0,0,0,0,0,0,0,0
Rucaparib,26,37,26,26,12,22,26,26,22,26,4,26,22,26,12,5,26,13,22,26,14,26,26,37,26,4,22,38,5,26,15,22,26,26,4,22,26,26,4,22,26,14,15,5,37,13,5,29,0,0,0,0,0,0,0,0,0,0,0,0,0,0,0,0,0,0,0,0,0,0,0,0,0,0,0,0,0,0,0,0,0,0,0,0,0,0,0,0,0,0,0,0,0,0,0,0,0,0,0,0,0,0,0,0,0,0,0,0,0,0,0,0,0,0,0,0,0,0,0,0,0,0,0,0,0,0,0,0,0,0,0,0,0,0,0,0,0,0,0,0,0,0,0,0,0,0,0,0,0,0,0,0,0,0,0
Cyclopamine,26,26,12,26,26,13,26,4,26,4,26,14,4,38,13,5,26,26,26,15,26,16,26,26,22,26,17,26,26,4,26,26,26,17,4,26,16,26,26,15,22,26,14,26,5,26,5,38,5,26,5,37,26,12,0,0,0,0,0,0,0,0,0,0,0,0,0,0,0,0,0,0,0,0,0,0,0,0,0,0,0,0,0,0,0,0,0,0,0,0,0,0,0,0,0,0,0,0,0,0,0,0,0,0,0,0,0,0,0,0,0,0,0,0,0,0,0,0,0,0,0,0,0,0,0,0,0,0,0,0,0,0,0,0,0,0,0,0,0,0,0,0,0,0,0,0,0,0,0,0,0,0,0,0,0
Gefitinib,26,38,26,12,22,26,4,26,22,26,13,26,4,22,26,12,5,37,22,26,37,22,26,13,37,26,14,22,26,26,4,22,26,4,26,22,26,14,5,29,5,26,63,5,38,26,26,26,37,15,26,26,38,26,26,15,0,0,0,0,0,0,0,0,0,0,0,0,0,0,0,0,0,0,0,0,0,0,0,0,0,0,0,0,0,0,0,0,0,0,0,0,0,0,0,0,0,0,0,0,0,0,0,0,0,0,0,0,0,0,0,0,0,0,0,0,0,0,0,0,0,0,0,0,0,0,0,0,0,0,0,0,0,0,0,0,0,0,0,0,0,0,0,0,0,0,0,0,0,0,0,0,0,0,0
Dactolisib,26,26,4,26,5,4,26,2,37,5,26,12,22,26,26,22,26,4,26,22,26,12,5,37,13,26,14,22,26,15,26,22,26,4,26,22,26,26,15,22,37,26,22,26,14,37,4,26,13,22,38,5,26,5,26,16,22,26,26,17,22,26,26,22,26,26,22,26,17,37,22,26,16,0,0,0,0,0,0,0,0,0,0,0,0,0,0,0,0,0,0,0,0,0,0,0,0,0,0,0,0,0,0,0,0,0,0,0,0,0,0,0,0,0,0,0,0,0,0,0,0,0,0,0,0,0,0,0,0,0,0,0,0,0,0,0,0,0,0,0,0,0,0,0,0,0,0,0,0,0,0,0,0,0,0
QL-X-138,26,26,12,22,26,4,26,22,26,4,26,22,26,12,5,37,13,26,4,22,38,5,26,22,26,26,14,22,26,37,22,26,15,26,22,26,26,4,22,26,26,15,22,26,14,13,5,26,16,22,26,37,37,22,26,16,5,37,26,4,22,38,5,26,22,26,0,0,0,0,0,0,0,0,0,0,0,0,0,0,0,0,0,0,0,0,0,0,0,0,0,0,0,0,0,0,0,0,0,0,0,0,0,0,0,0,0,0,0,0,0,0,0,0,0,0,0,0,0,0,0,0,0,0,0,0,0,0,0,0,0,0,0,0,0,0,0,0,0,0,0,0,0,0,0,0,0,0,0,0,0,0,0,0,0
Salubrinal,26,12,22,26,26,22,26,4,26,22,26,12,5,26,22,26,26,4,22,38,5,37,26,4,26,4,26,63,5,4,26,63,5,26,63,5,37,26,4,22,42,5,37,26,13,22,26,26,22,26,26,14,22,26,13,37,22,26,26,22,26,14,0,0,0,0,0,0,0,0,0,0,0,0,0,0,0,0,0,0,0,0,0,0,0,0,0,0,0,0,0,0,0,0,0,0,0,0,0,0,0,0,0,0,0,0,0,0,0,0,0,0,0,0,0,0,0,0,0,0,0,0,0,0,0,0,0,0,0,0,0,0,0,0,0,0,0,0,0,0,0,0,0,0,0,0,0,0,0,0,0,0,0,0,0
SB216763,26,37,12,26,22,26,4,26,13,22,26,26,22,26,26,22,26,13,12,5,26,14,22,26,4,26,4,22,38,5,37,26,14,22,38,5,26,15,22,26,4,26,22,26,4,26,22,26,15,5,26,63,5,26,63,0,0,0,0,0,0,0,0,0,0,0,0,0,0,0,0,0,0,0,0,0,0,0,0,0,0,0,0,0,0,0,0,0,0,0,0,0,0,0,0,0,0,0,0,0,0,0,0,0,0,0,0,0,0,0,0,0,0,0,0,0,0,0,0,0,0,0,0,0,0,0,0,0,0,0,0,0,0,0,0,0,0,0,0,0,0,0,0,0,0,0,0,0,0,0,0,0,0,0,0
CUDC-101,26,38,26,12,22,26,4,26,22,26,13,26,4,22,26,12,5,37,22,26,37,22,26,13,37,26,14,22,26,26,22,26,26,4,22,26,14,5,26,2,26,5,38,26,26,26,26,26,26,26,4,22,38,5,37,38,0,0,0,0,0,0,0,0,0,0,0,0,0,0,0,0,0,0,0,0,0,0,0,0,0,0,0,0,0,0,0,0,0,0,0,0,0,0,0,0,0,0,0,0,0,0,0,0,0,0,0,0,0,0,0,0,0,0,0,0,0,0,0,0,0,0,0,0,0,0,0,0,0,0,0,0,0,0,0,0,0,0,0,0,0,0,0,0,0,0,0,0,0,0,0,0,0,0,0
Rapamycin,26,26,12,26,26,26,13,26,26,4,26,4,22,26,26,22,26,26,22,26,26,4,26,26,4,26,4,22,38,5,26,4,26,4,26,4,22,26,26,4,26,4,22,38,5,26,26,4,38,26,4,22,38,5,26,14,26,26,26,26,37,14,26,4,22,38,5,26,4,22,38,5,26,12,4,38,13,5,38,5,26,4,26,5,26,26,15,26,26,26,4,26,4,26,15,5,38,26,5,38,5,26,5,26,5,38,5,38,26,5,26,5,26,5,26,5,38,26,0,0,0,0,0,0,0,0,0,0,0,0,0,0,0,0,0,0,0,0,0,0,0,0,0,0,0,0,0,0,0,0,0,0,0,0,0
WZ3105,26,26,4,26,5,37,12,26,22,37,26,13,22,26,12,37,22,26,4,37,22,26,13,37,26,14,22,26,26,4,22,26,26,22,26,14,5,37,26,4,22,38,5,26,22,26,5,37,26,15,26,26,26,4,26,26,15,5,37,4,26,5,26,0,0,0,0,0,0,0,0,0,0,0,0,0,0,0,0,0,0,0,0,0,0,0,0,0,0,0,0,0,0,0,0,0,0,0,0,0,0,0,0,0,0,0,0,0,0,0,0,0,0,0,0,0,0,0,0,0,0,0,0,0,0,0,0,0,0,0,0,0,0,0,0,0,0,0,0,0,0,0,0,0,0,0,0,0,0,0,0,0,0,0,0
UNC0638,26,26,4,26,5,37,12,26,26,26,4,26,26,12,5,37,26,13,22,37,26,4,22,37,26,14,22,26,26,4,22,26,4,26,22,26,14,13,5,38,26,5,38,26,26,26,37,15,26,26,26,26,15,5,26,16,26,26,26,26,26,16,0,0,0,0,0,0,0,0,0,0,0,0,0,0,0,0,0,0,0,0,0,0,0,0,0,0,0,0,0,0,0,0,0,0,0,0,0,0,0,0,0,0,0,0,0,0,0,0,0,0,0,0,0,0,0,0,0,0,0,0,0,0,0,0,0,0,0,0,0,0,0,0,0,0,0,0,0,0,0,0,0,0,0,0,0,0,0,0,0,0,0,0,0
FH535,26,26,12,22,26,4,26,22,26,26,4,22,26,12,5,50,37,6,52,4,22,38,5,50,38,8,52,5,37,42,4,22,38,5,4,22,38,5,26,13,22,26,4,26,22,26,26,4,22,26,13,5,26,63,5,26,63,0,0,0,0,0,0,0,0,0,0,0,0,0,0,0,0,0,0,0,0,0,0,0,0,0,0,0,0,0,0,0,0,0,0,0,0,0,0,0,0,0,0,0,0,0,0,0,0,0,0,0,0,0,0,0,0,0,0,0,0,0,0,0,0,0,0,0,0,0,0,0,0,0,0,0,0,0,0,0,0,0,0,0,0,0,0,0,0,0,0,0,0,0,0,0,0,0,0
XMD8-92,26,26,38,26,12,22,26,4,26,22,26,26,4,22,26,12,5,37,13,26,26,26,4,26,26,13,5,38,5,37,26,14,22,37,26,22,26,15,26,4,22,37,14,5,37,4,26,16,22,26,26,22,26,26,22,26,16,26,4,22,38,5,37,15,26,5,26,0,0,0,0,0,0,0,0,0,0,0,0,0,0,0,0,0,0,0,0,0,0,0,0,0,0,0,0,0,0,0,0,0,0,0,0,0,0,0,0,0,0,0,0,0,0,0,0,0,0,0,0,0,0,0,0,0,0,0,0,0,0,0,0,0,0,0,0,0,0,0,0,0,0,0,0,0,0,0,0,0,0,0,0,0,0,0,0
Imatinib,26,26,12,22,26,4,26,22,26,4,26,22,26,12,5,37,26,4,22,38,5,26,13,22,26,26,22,26,4,26,22,26,13,5,26,37,14,26,26,37,4,26,26,14,5,26,5,37,26,15,22,37,26,22,26,26,4,22,37,15,5,26,16,22,26,37,22,26,26,22,26,16,0,0,0,0,0,0,0,0,0,0,0,0,0,0,0,0,0,0,0,0,0,0,0,0,0,0,0,0,0,0,0,0,0,0,0,0,0,0,0,0,0,0,0,0,0,0,0,0,0,0,0,0,0,0,0,0,0,0,0,0,0,0,0,0,0,0,0,0,0,0,0,0,0,0,0,0,0,0,0,0,0,0,0
OSI-027,26,38,26,12,22,26,26,22,26,26,13,22,26,26,4,22,26,14,26,15,22,26,4,37,22,26,37,37,15,26,4,22,37,14,5,26,16,26,26,26,4,26,26,16,5,26,4,22,38,5,38,5,37,5,37,22,26,13,12,0,0,0,0,0,0,0,0,0,0,0,0,0,0,0,0,0,0,0,0,0,0,0,0,0,0,0,0,0,0,0,0,0,0,0,0,0,0,0,0,0,0,0,0,0,0,0,0,0,0,0,0,0,0,0,0,0,0,0,0,0,0,0,0,0,0,0,0,0,0,0,0,0,0,0,0,0,0,0,0,0,0,0,0,0,0,0,0,0,0,0,0,0,0,0,0
Cabozantinib,26,38,26,12,22,26,26,13,22,26,4,26,22,26,37,22,26,13,26,22,26,12,38,26,5,38,26,14,22,26,26,22,26,4,26,22,26,14,5,37,26,4,22,38,5,26,15,4,26,26,15,5,26,4,22,38,5,37,26,16,22,26,26,22,26,4,26,22,26,16,5,29,0,0,0,0,0,0,0,0,0,0,0,0,0,0,0,0,0,0,0,0,0,0,0,0,0,0,0,0,0,0,0,0,0,0,0,0,0,0,0,0,0,0,0,0,0,0,0,0,0,0,0,0,0,0,0,0,0,0,0,0,0,0,0,0,0,0,0,0,0,0,0,0,0,0,0,0,0,0,0,0,0,0,0
Entinostat,26,12,22,26,26,22,26,4,26,4,22,26,12,5,37,5,37,26,4,22,38,5,26,13,22,26,26,22,26,4,26,22,26,13,5,26,37,26,4,22,38,5,38,26,26,14,22,26,37,22,26,26,22,26,14,0,0,0,0,0,0,0,0,0,0,0,0,0,0,0,0,0,0,0,0,0,0,0,0,0,0,0,0,0,0,0,0,0,0,0,0,0,0,0,0,0,0,0,0,0,0,0,0,0,0,0,0,0,0,0,0,0,0,0,0,0,0,0,0,0,0,0,0,0,0,0,0,0,0,0,0,0,0,0,0,0,0,0,0,0,0,0,0,0,0,0,0,0,0,0,0,0,0,0,0
CAY10603,26,26,4,26,5,4,26,5,38,26,4,22,38,5,37,26,12,22,26,26,22,26,4,26,22,26,12,5,26,13,22,26,26,4,22,37,38,13,5,26,4,22,38,5,37,26,26,26,26,26,26,26,4,22,38,5,37,38,0,0,0,0,0,0,0,0,0,0,0,0,0,0,0,0,0,0,0,0,0,0,0,0,0,0,0,0,0,0,0,0,0,0,0,0,0,0,0,0,0,0,0,0,0,0,0,0,0,0,0,0,0,0,0,0,0,0,0,0,0,0,0,0,0,0,0,0,0,0,0,0,0,0,0,0,0,0,0,0,0,0,0,0,0,0,0,0,0,0,0,0,0,0,0,0,0
Dabrafenib,26,26,4,26,5,4,26,5,26,12,22,37,26,4,22,26,4,42,12,5,26,13,22,37,26,4,22,37,26,22,26,13,5,37,5,26,14,22,26,4,26,4,22,26,26,22,26,14,5,37,42,4,22,38,5,4,22,38,5,26,15,22,26,4,26,22,26,26,22,26,15,29,5,29,5,29,0,0,0,0,0,0,0,0,0,0,0,0,0,0,0,0,0,0,0,0,0,0,0,0,0,0,0,0,0,0,0,0,0,0,0,0,0,0,0,0,0,0,0,0,0,0,0,0,0,0,0,0,0,0,0,0,0,0,0,0,0,0,0,0,0,0,0,0,0,0,0,0,0,0,0,0,0,0,0
Serdemetan,26,12,22,26,26,22,26,13,26,4,22,26,12,5,26,4,22,26,37,13,5,26,26,37,26,14,22,26,26,22,26,4,26,22,26,14,5,37,26,15,22,26,26,22,37,26,22,26,15,0,0,0,0,0,0,0,0,0,0,0,0,0,0,0,0,0,0,0,0,0,0,0,0,0,0,0,0,0,0,0,0,0,0,0,0,0,0,0,0,0,0,0,0,0,0,0,0,0,0,0,0,0,0,0,0,0,0,0,0,0,0,0,0,0,0,0,0,0,0,0,0,0,0,0,0,0,0,0,0,0,0,0,0,0,0,0,0,0,0,0,0,0,0,0,0,0,0,0,0,0,0,0,0,0,0
Selumetinib,26,37,12,26,22,37,26,13,22,26,12,26,22,26,4,26,4,22,26,13,29,5,37,26,14,22,26,4,26,22,26,4,26,22,26,14,5,25,69,5,26,63,5,26,4,22,38,5,37,38,26,26,38,0,0,0,0,0,0,0,0,0,0,0,0,0,0,0,0,0,0,0,0,0,0,0,0,0,0,0,0,0,0,0,0,0,0,0,0,0,0,0,0,0,0,0,0,0,0,0,0,0,0,0,0,0,0,0,0,0,0,0,0,0,0,0,0,0,0,0,0,0,0,0,0,0,0,0,0,0,0,0,0,0,0,0,0,0,0,0,0,0,0,0,0,0,0,0,0,0,0,0,0,0,0
RO-3306,26,12,22,26,26,13,22,26,4,26,22,26,26,4,22,26,13,5,26,22,26,14,26,4,22,38,5,37,22,26,4,42,14,5,37,26,26,15,22,26,26,22,26,42,15,5,37,22,26,12,0,0,0,0,0,0,0,0,0,0,0,0,0,0,0,0,0,0,0,0,0,0,0,0,0,0,0,0,0,0,0,0,0,0,0,0,0,0,0,0,0,0,0,0,0,0,0,0,0,0,0,0,0,0,0,0,0,0,0,0,0,0,0,0,0,0,0,0,0,0,0,0,0,0,0,0,0,0,0,0,0,0,0,0,0,0,0,0,0,0,0,0,0,0,0,0,0,0,0,0,0,0,0,0,0
UNC1215,26,12,26,26,37,4,26,12,5,26,13,26,26,37,4,26,26,13,5,26,4,22,38,5,26,14,22,26,26,4,22,26,4,26,22,26,14,5,26,4,22,38,5,37,15,26,26,26,4,26,26,15,5,37,16,26,26,26,26,16,5,37,26,17,22,26,26,22,26,26,22,26,17,0,0,0,0,0,0,0,0,0,0,0,0,0,0,0,0,0,0,0,0,0,0,0,0,0,0,0,0,0,0,0,0,0,0,0,0,0,0,0,0,0,0,0,0,0,0,0,0,0,0,0,0,0,0,0,0,0,0,0,0,0,0,0,0,0,0,0,0,0,0,0,0,0,0,0,0,0,0,0,0,0,0
Pictilisib,26,42,4,22,38,5,4,22,38,5,37,12,26,26,37,4,26,26,12,5,26,26,13,22,26,26,14,22,26,4,42,13,5,26,4,22,37,26,4,22,37,14,5,26,15,22,26,16,26,22,37,37,26,16,22,26,26,22,26,15,5,37,17,26,26,38,26,26,17,0,0,0,0,0,0,0,0,0,0,0,0,0,0,0,0,0,0,0,0,0,0,0,0,0,0,0,0,0,0,0,0,0,0,0,0,0,0,0,0,0,0,0,0,0,0,0,0,0,0,0,0,0,0,0,0,0,0,0,0,0,0,0,0,0,0,0,0,0,0,0,0,0,0,0,0,0,0,0,0,0,0,0,0,0,0
Veliparib,26,26,12,4,26,26,26,37,12,5,26,13,22,37,26,14,22,26,4,26,22,26,26,22,26,14,37,13,5,26,4,22,38,5,37,0,0,0,0,0,0,0,0,0,0,0,0,0,0,0,0,0,0,0,0,0,0,0,0,0,0,0,0,0,0,0,0,0,0,0,0,0,0,0,0,0,0,0,0,0,0,0,0,0,0,0,0,0,0,0,0,0,0,0,0,0,0,0,0,0,0,0,0,0,0,0,0,0,0,0,0,0,0,0,0,0,0,0,0,0,0,0,0,0,0,0,0,0,0,0,0,0,0,0,0,0,0,0,0,0,0,0,0,0,0,0,0,0,0,0,0,0,0,0,0
Vorinostat,26,12,22,26,26,22,26,4,26,22,26,12,5,37,26,4,22,38,5,26,26,26,26,26,26,26,4,22,38,5,37,38,0,0,0,0,0,0,0,0,0,0,0,0,0,0,0,0,0,0,0,0,0,0,0,0,0,0,0,0,0,0,0,0,0,0,0,0,0,0,0,0,0,0,0,0,0,0,0,0,0,0,0,0,0,0,0,0,0,0,0,0,0,0,0,0,0,0,0,0,0,0,0,0,0,0,0,0,0,0,0,0,0,0,0,0,0,0,0,0,0,0,0,0,0,0,0,0,0,0,0,0,0,0,0,0,0,0,0,0,0,0,0,0,0,0,0,0,0,0,0,0,0,0,0
SB590885,26,37,4,26,5,26,26,38,26,12,22,26,26,22,26,4,26,22,26,12,5,26,13,22,37,26,4,22,26,14,26,22,26,26,15,22,26,4,26,26,26,15,22,26,14,5,37,22,38,5,26,4,22,26,16,26,22,26,37,26,22,26,16,5,37,13,0,0,0,0,0,0,0,0,0,0,0,0,0,0,0,0,0,0,0,0,0,0,0,0,0,0,0,0,0,0,0,0,0,0,0,0,0,0,0,0,0,0,0,0,0,0,0,0,0,0,0,0,0,0,0,0,0,0,0,0,0,0,0,0,0,0,0,0,0,0,0,0,0,0,0,0,0,0,0,0,0,0,0,0,0,0,0,0,0
SGC0946,26,26,4,26,5,37,4,26,26,26,37,26,4,22,38,5,37,26,12,22,26,26,22,26,4,26,22,26,12,5,26,4,26,5,4,26,5,26,5,26,26,13,26,4,26,4,26,4,38,13,5,37,14,26,22,26,4,26,15,22,26,14,37,22,26,37,22,26,15,37,5,25,69,5,38,5,38,0,0,0,0,0,0,0,0,0,0,0,0,0,0,0,0,0,0,0,0,0,0,0,0,0,0,0,0,0,0,0,0,0,0,0,0,0,0,0,0,0,0,0,0,0,0,0,0,0,0,0,0,0,0,0,0,0,0,0,0,0,0,0,0,0,0,0,0,0,0,0,0,0,0,0,0,0,0
BI-2536,26,26,26,12,26,4,22,38,5,37,4,26,13,22,26,37,22,26,4,37,22,26,13,37,12,26,14,26,26,26,26,14,5,37,26,15,22,26,4,26,22,26,4,26,22,26,15,5,26,4,22,38,5,37,26,16,26,26,37,4,26,26,16,5,26,5,38,26,5,26,0,0,0,0,0,0,0,0,0,0,0,0,0,0,0,0,0,0,0,0,0,0,0,0,0,0,0,0,0,0,0,0,0,0,0,0,0,0,0,0,0,0,0,0,0,0,0,0,0,0,0,0,0,0,0,0,0,0,0,0,0,0,0,0,0,0,0,0,0,0,0,0,0,0,0,0,0,0,0,0,0,0,0,0,0
JW-7-24-1,26,12,26,26,26,4,22,37,37,26,13,22,26,4,26,22,26,4,26,22,26,13,5,50,37,6,52,4,22,38,5,50,38,8,52,5,50,37,6,52,4,22,38,5,50,38,8,52,5,26,4,26,12,5,26,26,26,2,37,0,0,0,0,0,0,0,0,0,0,0,0,0,0,0,0,0,0,0,0,0,0,0,0,0,0,0,0,0,0,0,0,0,0,0,0,0,0,0,0,0,0,0,0,0,0,0,0,0,0,0,0,0,0,0,0,0,0,0,0,0,0,0,0,0,0,0,0,0,0,0,0,0,0,0,0,0,0,0,0,0,0,0,0,0,0,0,0,0,0,0,0,0,0,0,0
SL0101,26,26,12,26,4,26,4,26,4,26,4,38,12,5,38,26,13,22,26,4,38,26,14,22,26,26,4,22,26,26,4,22,26,14,26,13,22,38,5,38,5,38,5,26,15,22,26,26,22,26,4,26,22,26,15,5,38,5,38,5,38,26,4,22,38,5,26,5,38,26,4,22,38,5,26,0,0,0,0,0,0,0,0,0,0,0,0,0,0,0,0,0,0,0,0,0,0,0,0,0,0,0,0,0,0,0,0,0,0,0,0,0,0,0,0,0,0,0,0,0,0,0,0,0,0,0,0,0,0,0,0,0,0,0,0,0,0,0,0,0,0,0,0,0,0,0,0,0,0,0,0,0,0,0,0
GSK319347A,26,38,26,12,22,26,4,26,22,26,13,26,4,22,26,12,5,37,22,26,37,13,26,14,22,26,26,4,22,26,4,42,14,5,26,2,37,5,38,26,26,15,22,26,26,22,26,26,22,26,15,42,4,22,38,5,4,22,38,5,26,5,38,26,0,0,0,0,0,0,0,0,0,0,0,0,0,0,0,0,0,0,0,0,0,0,0,0,0,0,0,0,0,0,0,0,0,0,0,0,0,0,0,0,0,0,0,0,0,0,0,0,0,0,0,0,0,0,0,0,0,0,0,0,0,0,0,0,0,0,0,0,0,0,0,0,0,0,0,0,0,0,0,0,0,0,0,0,0,0,0,0,0,0,0
Seliciclib,26,26,26,4,26,38,5,37,26,12,22,37,26,13,22,26,4,26,4,22,37,12,5,37,26,26,14,22,26,26,22,26,26,22,26,14,5,37,22,26,37,13,26,4,26,5,26,0,0,0,0,0,0,0,0,0,0,0,0,0,0,0,0,0,0,0,0,0,0,0,0,0,0,0,0,0,0,0,0,0,0,0,0,0,0,0,0,0,0,0,0,0,0,0,0,0,0,0,0,0,0,0,0,0,0,0,0,0,0,0,0,0,0,0,0,0,0,0,0,0,0,0,0,0,0,0,0,0,0,0,0,0,0,0,0,0,0,0,0,0,0,0,0,0,0,0,0,0,0,0,0,0,0,0,0
AICA Ribonucleotide,26,12,22,37,26,4,22,26,4,37,12,26,13,26,4,26,4,26,4,38,13,5,26,38,39,4,22,38,5,4,38,5,38,5,38,5,38,5,37,5,26,4,22,38,5,37,0,0,0,0,0,0,0,0,0,0,0,0,0,0,0,0,0,0,0,0,0,0,0,0,0,0,0,0,0,0,0,0,0,0,0,0,0,0,0,0,0,0,0,0,0,0,0,0,0,0,0,0,0,0,0,0,0,0,0,0,0,0,0,0,0,0,0,0,0,0,0,0,0,0,0,0,0,0,0,0,0,0,0,0,0,0,0,0,0,0,0,0,0,0,0,0,0,0,0,0,0,0,0,0,0,0,0,0,0
T0901317,26,12,22,26,26,22,26,4,26,22,26,12,5,42,4,22,38,5,4,22,38,5,37,4,26,26,4,29,5,4,29,5,29,5,26,13,22,26,26,22,26,4,26,22,26,13,5,26,4,26,4,29,5,4,29,5,29,5,4,26,4,29,5,4,29,5,29,5,38,0,0,0,0,0,0,0,0,0,0,0,0,0,0,0,0,0,0,0,0,0,0,0,0,0,0,0,0,0,0,0,0,0,0,0,0,0,0,0,0,0,0,0,0,0,0,0,0,0,0,0,0,0,0,0,0,0,0,0,0,0,0,0,0,0,0,0,0,0,0,0,0,0,0,0,0,0,0,0,0,0,0,0,0,0,0
AZD8055,26,26,12,26,38,26,26,37,12,26,13,22,37,26,4,22,37,26,14,22,26,13,26,22,26,26,4,22,37,14,5,26,15,22,26,26,4,22,26,4,26,22,26,15,5,38,26,5,26,38,5,37,16,26,26,38,26,26,16,26,0,0,0,0,0,0,0,0,0,0,0,0,0,0,0,0,0,0,0,0,0,0,0,0,0,0,0,0,0,0,0,0,0,0,0,0,0,0,0,0,0,0,0,0,0,0,0,0,0,0,0,0,0,0,0,0,0,0,0,0,0,0,0,0,0,0,0,0,0,0,0,0,0,0,0,0,0,0,0,0,0,0,0,0,0,0,0,0,0,0,0,0,0,0,0
GW441756,26,37,12,26,22,26,4,26,13,22,26,26,22,26,26,22,26,13,12,5,26,22,26,14,26,15,22,26,4,26,22,26,26,22,37,15,5,37,26,14,22,38,0,0,0,0,0,0,0,0,0,0,0,0,0,0,0,0,0,0,0,0,0,0,0,0,0,0,0,0,0,0,0,0,0,0,0,0,0,0,0,0,0,0,0,0,0,0,0,0,0,0,0,0,0,0,0,0,0,0,0,0,0,0,0,0,0,0,0,0,0,0,0,0,0,0,0,0,0,0,0,0,0,0,0,0,0,0,0,0,0,0,0,0,0,0,0,0,0,0,0,0,0,0,0,0,0,0,0,0,0,0,0,0,0
JQ1,26,26,12,22,26,4,42,26,13,22,26,12,26,4,22,37,26,4,26,14,22,37,37,22,26,4,37,14,13,5,26,5,26,26,4,22,38,5,38,26,4,26,5,4,26,5,26,5,26,15,22,26,26,22,26,4,26,22,26,15,5,26,63,5,26,0,0,0,0,0,0,0,0,0,0,0,0,0,0,0,0,0,0,0,0,0,0,0,0,0,0,0,0,0,0,0,0,0,0,0,0,0,0,0,0,0,0,0,0,0,0,0,0,0,0,0,0,0,0,0,0,0,0,0,0,0,0,0,0,0,0,0,0,0,0,0,0,0,0,0,0,0,0,0,0,0,0,0,0,0,0,0,0,0,0
GSK650394,26,12,26,26,26,4,26,12,5,26,13,22,26,4,26,22,26,26,4,22,26,13,5,26,14,22,26,37,26,15,22,37,26,22,26,4,26,22,26,14,15,5,26,16,22,26,26,22,26,26,22,26,16,5,26,4,22,38,5,38,0,0,0,0,0,0,0,0,0,0,0,0,0,0,0,0,0,0,0,0,0,0,0,0,0,0,0,0,0,0,0,0,0,0,0,0,0,0,0,0,0,0,0,0,0,0,0,0,0,0,0,0,0,0,0,0,0,0,0,0,0,0,0,0,0,0,0,0,0,0,0,0,0,0,0,0,0,0,0,0,0,0,0,0,0,0,0,0,0,0,0,0,0,0,0
CP466722,26,38,26,12,22,26,4,26,22,26,13,26,4,22,26,12,5,26,4,22,37,26,22,37,13,5,37,14,26,4,22,37,26,4,22,37,14,5,26,15,22,26,26,22,26,26,22,37,15,5,37,5,38,26,0,0,0,0,0,0,0,0,0,0,0,0,0,0,0,0,0,0,0,0,0,0,0,0,0,0,0,0,0,0,0,0,0,0,0,0,0,0,0,0,0,0,0,0,0,0,0,0,0,0,0,0,0,0,0,0,0,0,0,0,0,0,0,0,0,0,0,0,0,0,0,0,0,0,0,0,0,0,0,0,0,0,0,0,0,0,0,0,0,0,0,0,0,0,0,0,0,0,0,0,0
BAY-61-3606,26,38,26,12,22,26,4,26,22,26,4,26,22,26,12,5,26,13,22,26,26,14,22,37,26,22,26,37,14,26,4,22,37,13,5,37,26,15,22,26,4,26,22,26,26,22,37,15,5,26,4,22,38,5,37,5,38,26,9,26,63,9,26,63,0,0,0,0,0,0,0,0,0,0,0,0,0,0,0,0,0,0,0,0,0,0,0,0,0,0,0,0,0,0,0,0,0,0,0,0,0,0,0,0,0,0,0,0,0,0,0,0,0,0,0,0,0,0,0,0,0,0,0,0,0,0,0,0,0,0,0,0,0,0,0,0,0,0,0,0,0,0,0,0,0,0,0,0,0,0,0,0,0,0,0
AS601245,26,12,22,26,26,22,26,13,26,4,22,26,12,5,37,22,26,4,42,13,5,26,4,26,2,37,5,26,14,22,37,26,4,22,37,26,22,26,14,5,37,26,26,26,15,22,26,37,22,26,26,22,26,15,0,0,0,0,0,0,0,0,0,0,0,0,0,0,0,0,0,0,0,0,0,0,0,0,0,0,0,0,0,0,0,0,0,0,0,0,0,0,0,0,0,0,0,0,0,0,0,0,0,0,0,0,0,0,0,0,0,0,0,0,0,0,0,0,0,0,0,0,0,0,0,0,0,0,0,0,0,0,0,0,0,0,0,0,0,0,0,0,0,0,0,0,0,0,0,0,0,0,0,0,0
KU-55933,26,12,26,38,26,26,37,12,26,13,22,26,26,4,22,38,5,26,22,26,4,38,13,5,26,14,22,26,15,26,4,22,26,26,22,26,14,5,42,26,16,22,26,26,22,26,26,22,26,16,42,15,0,0,0,0,0,0,0,0,0,0,0,0,0,0,0,0,0,0,0,0,0,0,0,0,0,0,0,0,0,0,0,0,0,0,0,0,0,0,0,0,0,0,0,0,0,0,0,0,0,0,0,0,0,0,0,0,0,0,0,0,0,0,0,0,0,0,0,0,0,0,0,0,0,0,0,0,0,0,0,0,0,0,0,0,0,0,0,0,0,0,0,0,0,0,0,0,0,0,0,0,0,0,0
PAC-1,26,22,26,26,26,12,22,26,26,22,26,26,4,22,26,37,37,26,4,22,38,5,26,37,13,26,26,37,4,26,26,13,5,26,26,14,22,26,26,22,26,26,22,26,14,5,26,12,22,38,0,0,0,0,0,0,0,0,0,0,0,0,0,0,0,0,0,0,0,0,0,0,0,0,0,0,0,0,0,0,0,0,0,0,0,0,0,0,0,0,0,0,0,0,0,0,0,0,0,0,0,0,0,0,0,0,0,0,0,0,0,0,0,0,0,0,0,0,0,0,0,0,0,0,0,0,0,0,0,0,0,0,0,0,0,0,0,0,0,0,0,0,0,0,0,0,0,0,0,0,0,0,0,0,0
S-Trityl-L-cysteine,26,12,22,26,26,22,26,4,26,22,26,12,5,26,4,26,13,22,26,26,22,26,26,22,26,13,5,4,26,14,22,26,26,22,26,26,22,26,14,5,42,26,26,4,26,4,22,38,5,38,5,37,0,0,0,0,0,0,0,0,0,0,0,0,0,0,0,0,0,0,0,0,0,0,0,0,0,0,0,0,0,0,0,0,0,0,0,0,0,0,0,0,0,0,0,0,0,0,0,0,0,0,0,0,0,0,0,0,0,0,0,0,0,0,0,0,0,0,0,0,0,0,0,0,0,0,0,0,0,0,0,0,0,0,0,0,0,0,0,0,0,0,0,0,0,0,0,0,0,0,0,0,0,0,0
CMK,26,26,12,22,26,26,22,26,4,26,22,26,12,5,26,13,22,26,4,37,4,26,14,22,26,13,26,4,22,37,26,22,37,14,5,37,5,26,26,26,38,5,26,4,22,38,5,26,26,63,0,0,0,0,0,0,0,0,0,0,0,0,0,0,0,0,0,0,0,0,0,0,0,0,0,0,0,0,0,0,0,0,0,0,0,0,0,0,0,0,0,0,0,0,0,0,0,0,0,0,0,0,0,0,0,0,0,0,0,0,0,0,0,0,0,0,0,0,0,0,0,0,0,0,0,0,0,0,0,0,0,0,0,0,0,0,0,0,0,0,0,0,0,0,0,0,0,0,0,0,0,0,0,0,0
Bexarotene,26,26,12,22,26,26,13,22,26,4,26,22,26,12,26,4,22,26,5,26,14,22,26,26,22,26,4,26,22,26,14,5,26,4,22,38,5,38,5,26,4,26,26,26,13,4,26,5,26,5,4,26,5,26,0,0,0,0,0,0,0,0,0,0,0,0,0,0,0,0,0,0,0,0,0,0,0,0,0,0,0,0,0,0,0,0,0,0,0,0,0,0,0,0,0,0,0,0,0,0,0,0,0,0,0,0,0,0,0,0,0,0,0,0,0,0,0,0,0,0,0,0,0,0,0,0,0,0,0,0,0,0,0,0,0,0,0,0,0,0,0,0,0,0,0,0,0,0,0,0,0,0,0,0,0
SB-505124,26,26,12,22,26,26,22,26,26,4,22,37,12,5,26,13,22,26,4,37,22,26,4,37,13,5,26,4,26,5,4,26,5,26,5,26,14,22,26,26,15,22,26,4,26,22,26,14,5,38,26,38,15,0,0,0,0,0,0,0,0,0,0,0,0,0,0,0,0,0,0,0,0,0,0,0,0,0,0,0,0,0,0,0,0,0,0,0,0,0,0,0,0,0,0,0,0,0,0,0,0,0,0,0,0,0,0,0,0,0,0,0,0,0,0,0,0,0,0,0,0,0,0,0,0,0,0,0,0,0,0,0,0,0,0,0,0,0,0,0,0,0,0,0,0,0,0,0,0,0,0,0,0,0,0
AT-7519,26,12,26,37,26,26,26,12,37,26,4,22,38,5,26,13,22,26,4,26,22,37,37,13,5,37,26,4,22,38,5,26,14,22,26,4,26,22,26,26,22,26,14,26,63,5,26,63,0,0,0,0,0,0,0,0,0,0,0,0,0,0,0,0,0,0,0,0,0,0,0,0,0,0,0,0,0,0,0,0,0,0,0,0,0,0,0,0,0,0,0,0,0,0,0,0,0,0,0,0,0,0,0,0,0,0,0,0,0,0,0,0,0,0,0,0,0,0,0,0,0,0,0,0,0,0,0,0,0,0,0,0,0,0,0,0,0,0,0,0,0,0,0,0,0,0,0,0,0,0,0,0,0,0,0
SNX-2112,26,26,12,4,26,26,13,22,26,4,26,4,22,38,5,26,12,5,26,4,22,37,37,13,26,14,22,26,26,4,22,26,4,26,22,26,14,5,26,4,22,38,5,37,5,37,26,15,26,26,26,4,26,26,15,5,38,5,26,4,29,5,4,29,5,29,5,26,0,0,0,0,0,0,0,0,0,0,0,0,0,0,0,0,0,0,0,0,0,0,0,0,0,0,0,0,0,0,0,0,0,0,0,0,0,0,0,0,0,0,0,0,0,0,0,0,0,0,0,0,0,0,0,0,0,0,0,0,0,0,0,0,0,0,0,0,0,0,0,0,0,0,0,0,0,0,0,0,0,0,0,0,0,0,0
AZD7762,26,12,26,26,4,26,37,26,12,5,37,26,4,22,38,5,26,13,22,26,4,26,22,26,4,42,13,5,26,14,22,26,26,4,22,26,26,22,26,14,5,29,5,37,26,4,22,38,5,37,0,0,0,0,0,0,0,0,0,0,0,0,0,0,0,0,0,0,0,0,0,0,0,0,0,0,0,0,0,0,0,0,0,0,0,0,0,0,0,0,0,0,0,0,0,0,0,0,0,0,0,0,0,0,0,0,0,0,0,0,0,0,0,0,0,0,0,0,0,0,0,0,0,0,0,0,0,0,0,0,0,0,0,0,0,0,0,0,0,0,0,0,0,0,0,0,0,0,0,0,0,0,0,0,0
A-443654,26,26,12,22,26,13,26,22,26,4,26,22,26,26,13,22,37,37,12,5,26,14,22,26,26,4,22,26,37,22,26,14,5,38,26,26,4,26,26,15,22,26,37,26,16,22,26,26,22,26,26,22,26,16,15,5,37,0,0,0,0,0,0,0,0,0,0,0,0,0,0,0,0,0,0,0,0,0,0,0,0,0,0,0,0,0,0,0,0,0,0,0,0,0,0,0,0,0,0,0,0,0,0,0,0,0,0,0,0,0,0,0,0,0,0,0,0,0,0,0,0,0,0,0,0,0,0,0,0,0,0,0,0,0,0,0,0,0,0,0,0,0,0,0,0,0,0,0,0,0,0,0,0,0,0
CHIR-99021,26,26,12,22,26,37,22,26,4,37,12,5,26,13,22,26,37,22,26,4,37,22,26,13,26,14,22,26,4,26,22,26,4,26,22,26,14,5,26,63,5,26,63,5,37,26,26,37,26,15,22,37,26,22,26,4,26,22,26,15,5,26,2,37,0,0,0,0,0,0,0,0,0,0,0,0,0,0,0,0,0,0,0,0,0,0,0,0,0,0,0,0,0,0,0,0,0,0,0,0,0,0,0,0,0,0,0,0,0,0,0,0,0,0,0,0,0,0,0,0,0,0,0,0,0,0,0,0,0,0,0,0,0,0,0,0,0,0,0,0,0,0,0,0,0,0,0,0,0,0,0,0,0,0,0
YM201636,26,12,26,38,26,26,37,12,26,13,22,37,26,4,22,37,26,14,22,26,13,38,26,15,22,26,14,26,22,26,26,22,37,15,5,26,16,22,26,26,4,22,26,26,22,26,16,5,37,26,4,22,38,5,26,17,22,26,37,22,26,4,26,22,26,17,5,37,0,0,0,0,0,0,0,0,0,0,0,0,0,0,0,0,0,0,0,0,0,0,0,0,0,0,0,0,0,0,0,0,0,0,0,0,0,0,0,0,0,0,0,0,0,0,0,0,0,0,0,0,0,0,0,0,0,0,0,0,0,0,0,0,0,0,0,0,0,0,0,0,0,0,0,0,0,0,0,0,0,0,0,0,0,0,0
681640,26,12,22,26,26,22,26,4,26,22,26,12,5,26,13,22,26,26,14,22,26,4,26,15,22,26,4,37,14,5,26,22,26,26,4,22,26,15,5,38,5,26,16,22,26,13,26,4,22,38,5,37,26,16,22,38,9,38,0,0,0,0,0,0,0,0,0,0,0,0,0,0,0,0,0,0,0,0,0,0,0,0,0,0,0,0,0,0,0,0,0,0,0,0,0,0,0,0,0,0,0,0,0,0,0,0,0,0,0,0,0,0,0,0,0,0,0,0,0,0,0,0,0,0,0,0,0,0,0,0,0,0,0,0,0,0,0,0,0,0,0,0,0,0,0,0,0,0,0,0,0,0,0,0,0
Olaparib,26,12,26,26,12,26,4,22,38,5,37,13,26,26,37,4,26,26,13,5,26,4,22,38,5,26,14,22,26,4,26,22,26,26,4,22,26,14,5,26,26,15,22,37,37,26,4,22,38,5,26,16,22,26,26,22,26,26,22,26,16,15,5,29,0,0,0,0,0,0,0,0,0,0,0,0,0,0,0,0,0,0,0,0,0,0,0,0,0,0,0,0,0,0,0,0,0,0,0,0,0,0,0,0,0,0,0,0,0,0,0,0,0,0,0,0,0,0,0,0,0,0,0,0,0,0,0,0,0,0,0,0,0,0,0,0,0,0,0,0,0,0,0,0,0,0,0,0,0,0,0,0,0,0,0
AKT inhibitor VIII,26,12,26,37,4,26,26,26,12,37,13,26,14,22,26,26,22,26,26,22,26,14,37,26,13,22,38,5,26,26,15,22,26,26,22,26,4,26,22,26,15,5,26,16,22,37,26,17,22,26,26,18,22,26,4,26,22,26,17,37,22,26,16,26,19,22,26,26,22,26,26,22,26,19,5,37,22,26,37,18,0,0,0,0,0,0,0,0,0,0,0,0,0,0,0,0,0,0,0,0,0,0,0,0,0,0,0,0,0,0,0,0,0,0,0,0,0,0,0,0,0,0,0,0,0,0,0,0,0,0,0,0,0,0,0,0,0,0,0,0,0,0,0,0,0,0,0,0,0,0,0,0,0,0,0
A-770041,26,26,4,22,38,5,37,12,26,26,37,4,26,26,12,5,26,13,26,26,26,4,26,26,13,5,37,14,26,15,22,26,4,26,4,22,37,14,5,26,16,22,26,26,4,22,26,4,26,22,26,16,5,37,26,4,22,38,5,26,17,22,26,26,18,22,26,26,22,26,26,22,26,18,37,17,26,5,38,26,5,26,4,22,37,26,22,37,15,5,37,0,0,0,0,0,0,0,0,0,0,0,0,0,0,0,0,0,0,0,0,0,0,0,0,0,0,0,0,0,0,0,0,0,0,0,0,0,0,0,0,0,0,0,0,0,0,0,0,0,0,0,0,0,0,0,0,0,0,0,0,0,0,0,0
XMD13-2,38,22,26,4,26,12,26,26,12,5,37,26,13,22,37,37,26,14,22,26,26,4,26,15,22,26,26,4,26,4,37,26,16,26,26,16,5,22,38,5,22,26,26,22,26,15,5,22,26,26,22,26,14,13,0,0,0,0,0,0,0,0,0,0,0,0,0,0,0,0,0,0,0,0,0,0,0,0,0,0,0,0,0,0,0,0,0,0,0,0,0,0,0,0,0,0,0,0,0,0,0,0,0,0,0,0,0,0,0,0,0,0,0,0,0,0,0,0,0,0,0,0,0,0,0,0,0,0,0,0,0,0,0,0,0,0,0,0,0,0,0,0,0,0,0,0,0,0,0,0,0,0,0,0,0
PHA-665752,26,26,12,22,26,4,37,26,4,22,26,12,26,4,22,38,5,37,13,26,26,26,26,13,26,37,14,26,26,26,26,14,5,26,5,26,22,26,15,26,16,22,26,4,26,22,26,26,4,22,26,16,5,42,4,22,38,5,4,22,38,5,26,26,17,22,26,4,26,22,26,26,22,26,17,26,63,5,26,63,5,37,26,15,22,38,0,0,0,0,0,0,0,0,0,0,0,0,0,0,0,0,0,0,0,0,0,0,0,0,0,0,0,0,0,0,0,0,0,0,0,0,0,0,0,0,0,0,0,0,0,0,0,0,0,0,0,0,0,0,0,0,0,0,0,0,0,0,0,0,0,0,0,0,0
Enzastaurin,26,37,12,26,22,26,4,26,13,22,26,26,22,26,26,22,26,13,12,5,26,14,22,26,4,26,4,22,38,5,37,26,14,22,38,5,26,15,22,26,37,4,26,16,22,26,26,22,26,26,22,26,16,15,5,26,17,26,26,37,4,26,26,17,5,26,26,18,22,26,26,22,26,26,22,37,18,0,0,0,0,0,0,0,0,0,0,0,0,0,0,0,0,0,0,0,0,0,0,0,0,0,0,0,0,0,0,0,0,0,0,0,0,0,0,0,0,0,0,0,0,0,0,0,0,0,0,0,0,0,0,0,0,0,0,0,0,0,0,0,0,0,0,0,0,0,0,0,0,0,0,0,0,0,0
OSI-930,26,12,22,26,26,22,26,13,26,4,22,26,12,5,26,4,22,26,26,22,37,13,5,26,37,26,14,22,26,4,42,26,22,26,14,5,26,4,22,38,5,37,26,15,22,26,26,22,26,4,26,22,26,15,5,38,26,4,29,5,4,29,5,29,0,0,0,0,0,0,0,0,0,0,0,0,0,0,0,0,0,0,0,0,0,0,0,0,0,0,0,0,0,0,0,0,0,0,0,0,0,0,0,0,0,0,0,0,0,0,0,0,0,0,0,0,0,0,0,0,0,0,0,0,0,0,0,0,0,0,0,0,0,0,0,0,0,0,0,0,0,0,0,0,0,0,0,0,0,0,0,0,0,0,0
EHT-1864,26,12,26,38,26,26,37,12,26,26,13,22,26,26,4,22,38,5,26,4,22,26,38,13,5,38,26,26,26,26,26,42,26,14,22,26,15,26,22,26,26,4,22,26,26,15,22,37,26,22,26,14,5,26,4,29,5,4,29,5,29,9,26,63,9,26,63,0,0,0,0,0,0,0,0,0,0,0,0,0,0,0,0,0,0,0,0,0,0,0,0,0,0,0,0,0,0,0,0,0,0,0,0,0,0,0,0,0,0,0,0,0,0,0,0,0,0,0,0,0,0,0,0,0,0,0,0,0,0,0,0,0,0,0,0,0,0,0,0,0,0,0,0,0,0,0,0,0,0,0,0,0,0,0,0
NPK76-II-72-1,26,26,12,26,26,4,22,38,5,37,4,26,13,22,26,37,22,26,4,37,22,26,13,37,12,26,14,26,26,26,26,14,5,37,26,15,22,26,4,26,22,26,4,26,22,26,15,5,26,4,22,38,5,37,26,16,26,26,37,4,26,26,16,5,26,5,38,26,5,26,0,0,0,0,0,0,0,0,0,0,0,0,0,0,0,0,0,0,0,0,0,0,0,0,0,0,0,0,0,0,0,0,0,0,0,0,0,0,0,0,0,0,0,0,0,0,0,0,0,0,0,0,0,0,0,0,0,0,0,0,0,0,0,0,0,0,0,0,0,0,0,0,0,0,0,0,0,0,0,0,0,0,0,0,0
Sorafenib,26,37,26,4,22,38,5,26,12,22,37,26,22,26,26,4,22,26,12,5,38,26,13,22,26,26,22,26,4,26,22,26,13,5,37,26,4,22,38,5,37,26,14,22,26,26,4,22,26,4,26,22,26,14,5,26,63,5,26,4,29,5,4,29,5,29,0,0,0,0,0,0,0,0,0,0,0,0,0,0,0,0,0,0,0,0,0,0,0,0,0,0,0,0,0,0,0,0,0,0,0,0,0,0,0,0,0,0,0,0,0,0,0,0,0,0,0,0,0,0,0,0,0,0,0,0,0,0,0,0,0,0,0,0,0,0,0,0,0,0,0,0,0,0,0,0,0,0,0,0,0,0,0,0,0
Parthenolide,26,26,12,22,26,26,26,26,13,4,26,4,38,13,5,26,14,26,4,26,26,12,5,26,4,22,26,5,26,4,22,38,5,38,14,5,26,0,0,0,0,0,0,0,0,0,0,0,0,0,0,0,0,0,0,0,0,0,0,0,0,0,0,0,0,0,0,0,0,0,0,0,0,0,0,0,0,0,0,0,0,0,0,0,0,0,0,0,0,0,0,0,0,0,0,0,0,0,0,0,0,0,0,0,0,0,0,0,0,0,0,0,0,0,0,0,0,0,0,0,0,0,0,0,0,0,0,0,0,0,0,0,0,0,0,0,0,0,0,0,0,0,0,0,0,0,0,0,0,0,0,0,0,0,0
XMD14-99,26,37,12,26,26,37,4,26,26,12,5,26,13,22,26,26,4,22,26,4,26,22,26,13,5,37,26,14,22,37,26,4,22,26,4,42,14,5,26,4,22,38,5,26,15,22,26,4,26,22,26,26,22,26,15,26,63,5,26,63,5,37,5,38,26,0,0,0,0,0,0,0,0,0,0,0,0,0,0,0,0,0,0,0,0,0,0,0,0,0,0,0,0,0,0,0,0,0,0,0,0,0,0,0,0,0,0,0,0,0,0,0,0,0,0,0,0,0,0,0,0,0,0,0,0,0,0,0,0,0,0,0,0,0,0,0,0,0,0,0,0,0,0,0,0,0,0,0,0,0,0,0,0,0,0
Linifanib,26,26,12,22,26,26,4,22,26,4,26,22,26,12,5,29,5,37,26,4,22,38,5,37,26,13,22,26,26,22,26,4,26,22,26,13,5,26,14,22,26,15,26,4,22,26,26,22,26,14,5,37,37,22,26,15,37,0,0,0,0,0,0,0,0,0,0,0,0,0,0,0,0,0,0,0,0,0,0,0,0,0,0,0,0,0,0,0,0,0,0,0,0,0,0,0,0,0,0,0,0,0,0,0,0,0,0,0,0,0,0,0,0,0,0,0,0,0,0,0,0,0,0,0,0,0,0,0,0,0,0,0,0,0,0,0,0,0,0,0,0,0,0,0,0,0,0,0,0,0,0,0,0,0,0
IOX2,26,12,22,26,26,22,26,4,26,22,26,12,5,26,37,13,26,14,22,26,26,22,26,26,22,26,14,26,4,22,26,4,26,13,22,38,5,26,4,22,38,5,37,26,26,4,22,38,5,38,5,38,0,0,0,0,0,0,0,0,0,0,0,0,0,0,0,0,0,0,0,0,0,0,0,0,0,0,0,0,0,0,0,0,0,0,0,0,0,0,0,0,0,0,0,0,0,0,0,0,0,0,0,0,0,0,0,0,0,0,0,0,0,0,0,0,0,0,0,0,0,0,0,0,0,0,0,0,0,0,0,0,0,0,0,0,0,0,0,0,0,0,0,0,0,0,0,0,0,0,0,0,0,0,0
BX796,26,12,26,26,37,4,26,12,5,26,4,22,38,5,37,26,13,22,26,26,22,26,26,4,22,26,13,5,37,26,14,22,37,26,22,26,4,26,4,22,37,14,5,37,26,26,26,37,26,4,22,38,5,26,15,22,26,26,22,26,42,15,5,32,0,0,0,0,0,0,0,0,0,0,0,0,0,0,0,0,0,0,0,0,0,0,0,0,0,0,0,0,0,0,0,0,0,0,0,0,0,0,0,0,0,0,0,0,0,0,0,0,0,0,0,0,0,0,0,0,0,0,0,0,0,0,0,0,0,0,0,0,0,0,0,0,0,0,0,0,0,0,0,0,0,0,0,0,0,0,0,0,0,0,0
Lapatinib,26,42,4,22,38,5,4,22,38,5,26,26,37,26,26,12,22,26,26,22,26,4,38,12,5,26,13,22,26,26,14,22,26,4,26,22,26,13,5,37,22,26,37,22,26,14,37,26,15,22,26,26,4,22,26,4,26,22,26,15,5,38,26,26,16,22,26,26,4,22,26,26,22,26,16,5,29,5,26,63,0,0,0,0,0,0,0,0,0,0,0,0,0,0,0,0,0,0,0,0,0,0,0,0,0,0,0,0,0,0,0,0,0,0,0,0,0,0,0,0,0,0,0,0,0,0,0,0,0,0,0,0,0,0,0,0,0,0,0,0,0,0,0,0,0,0,0,0,0,0,0,0,0,0,0
KIN001-260,26,12,26,26,12,26,38,26,13,22,26,26,22,26,26,4,22,38,5,26,13,22,26,14,26,22,26,4,26,4,22,26,4,37,14,5,37,5,26,2,37,5,26,15,26,26,37,26,26,15,0,0,0,0,0,0,0,0,0,0,0,0,0,0,0,0,0,0,0,0,0,0,0,0,0,0,0,0,0,0,0,0,0,0,0,0,0,0,0,0,0,0,0,0,0,0,0,0,0,0,0,0,0,0,0,0,0,0,0,0,0,0,0,0,0,0,0,0,0,0,0,0,0,0,0,0,0,0,0,0,0,0,0,0,0,0,0,0,0,0,0,0,0,0,0,0,0,0,0,0,0,0,0,0,0
ZM447439,26,38,26,12,22,26,4,26,22,26,13,26,4,22,26,12,5,26,4,22,37,26,22,37,13,5,37,26,14,22,26,26,22,26,4,26,22,26,14,5,37,26,4,22,38,5,26,15,22,26,26,22,26,26,22,26,15,5,38,26,26,26,37,16,26,26,38,26,26,16,0,0,0,0,0,0,0,0,0,0,0,0,0,0,0,0,0,0,0,0,0,0,0,0,0,0,0,0,0,0,0,0,0,0,0,0,0,0,0,0,0,0,0,0,0,0,0,0,0,0,0,0,0,0,0,0,0,0,0,0,0,0,0,0,0,0,0,0,0,0,0,0,0,0,0,0,0,0,0,0,0,0,0,0,0
XAV939,26,12,26,42,26,26,13,22,26,12,37,26,4,22,37,26,13,22,38,5,26,14,22,26,26,22,26,4,26,22,26,14,5,26,4,29,5,4,29,5,29,0,0,0,0,0,0,0,0,0,0,0,0,0,0,0,0,0,0,0,0,0,0,0,0,0,0,0,0,0,0,0,0,0,0,0,0,0,0,0,0,0,0,0,0,0,0,0,0,0,0,0,0,0,0,0,0,0,0,0,0,0,0,0,0,0,0,0,0,0,0,0,0,0,0,0,0,0,0,0,0,0,0,0,0,0,0,0,0,0,0,0,0,0,0,0,0,0,0,0,0,0,0,0,0,0,0,0,0,0,0,0,0,0,0
JNK Inhibitor VIII,26,26,38,26,12,22,26,4,26,4,22,26,26,4,22,37,12,5,37,26,4,22,38,5,26,26,13,22,26,4,26,22,26,26,4,22,26,13,5,38,26,5,38,26,5,37,5,26,2,37,0,0,0,0,0,0,0,0,0,0,0,0,0,0,0,0,0,0,0,0,0,0,0,0,0,0,0,0,0,0,0,0,0,0,0,0,0,0,0,0,0,0,0,0,0,0,0,0,0,0,0,0,0,0,0,0,0,0,0,0,0,0,0,0,0,0,0,0,0,0,0,0,0,0,0,0,0,0,0,0,0,0,0,0,0,0,0,0,0,0,0,0,0,0,0,0,0,0,0,0,0,0,0,0,0
CGP-60474,26,12,22,26,26,4,22,26,26,4,22,26,12,5,26,63,5,37,26,13,22,37,26,22,26,26,4,22,37,13,5,26,14,22,26,26,4,22,37,26,22,26,14,5,37,26,26,26,38,0,0,0,0,0,0,0,0,0,0,0,0,0,0,0,0,0,0,0,0,0,0,0,0,0,0,0,0,0,0,0,0,0,0,0,0,0,0,0,0,0,0,0,0,0,0,0,0,0,0,0,0,0,0,0,0,0,0,0,0,0,0,0,0,0,0,0,0,0,0,0,0,0,0,0,0,0,0,0,0,0,0,0,0,0,0,0,0,0,0,0,0,0,0,0,0,0,0,0,0,0,0,0,0,0,0
Linsitinib,26,26,12,4,26,26,4,26,12,5,26,13,22,37,26,4,22,26,14,37,13,26,22,26,37,22,26,14,37,5,26,15,22,26,26,16,22,26,4,26,22,26,15,5,26,22,26,26,4,22,37,16,5,26,17,22,26,26,22,26,26,22,26,17,5,38,0,0,0,0,0,0,0,0,0,0,0,0,0,0,0,0,0,0,0,0,0,0,0,0,0,0,0,0,0,0,0,0,0,0,0,0,0,0,0,0,0,0,0,0,0,0,0,0,0,0,0,0,0,0,0,0,0,0,0,0,0,0,0,0,0,0,0,0,0,0,0,0,0,0,0,0,0,0,0,0,0,0,0,0,0,0,0,0,0
PLX-4720,26,26,26,42,4,22,38,5,4,22,38,5,37,26,12,22,26,4,26,4,22,26,4,26,22,26,12,5,29,5,26,4,22,38,5,26,13,22,26,37,26,14,22,37,26,22,26,4,26,22,26,13,14,5,26,63,5,29,0,0,0,0,0,0,0,0,0,0,0,0,0,0,0,0,0,0,0,0,0,0,0,0,0,0,0,0,0,0,0,0,0,0,0,0,0,0,0,0,0,0,0,0,0,0,0,0,0,0,0,0,0,0,0,0,0,0,0,0,0,0,0,0,0,0,0,0,0,0,0,0,0,0,0,0,0,0,0,0,0,0,0,0,0,0,0,0,0,0,0,0,0,0,0,0,0
Embelin,26,26,26,26,26,26,26,26,26,26,26,26,12,22,26,4,26,4,22,38,5,26,22,26,4,26,12,22,38,5,38,5,38,0,0,0,0,0,0,0,0,0,0,0,0,0,0,0,0,0,0,0,0,0,0,0,0,0,0,0,0,0,0,0,0,0,0,0,0,0,0,0,0,0,0,0,0,0,0,0,0,0,0,0,0,0,0,0,0,0,0,0,0,0,0,0,0,0,0,0,0,0,0,0,0,0,0,0,0,0,0,0,0,0,0,0,0,0,0,0,0,0,0,0,0,0,0,0,0,0,0,0,0,0,0,0,0,0,0,0,0,0,0,0,0,0,0,0,0,0,0,0,0,0,0
QL-XII-47,26,37,12,26,22,26,4,26,22,37,12,5,26,13,22,26,26,14,22,26,15,26,4,22,26,37,22,26,14,26,22,26,13,5,26,22,26,26,4,22,38,5,37,15,26,16,22,26,26,17,22,26,4,26,26,37,17,26,4,22,38,5,26,22,26,5,26,22,26,16,0,0,0,0,0,0,0,0,0,0,0,0,0,0,0,0,0,0,0,0,0,0,0,0,0,0,0,0,0,0,0,0,0,0,0,0,0,0,0,0,0,0,0,0,0,0,0,0,0,0,0,0,0,0,0,0,0,0,0,0,0,0,0,0,0,0,0,0,0,0,0,0,0,0,0,0,0,0,0,0,0,0,0,0,0
Ispinesib Mesylate,26,26,12,22,26,26,22,26,4,26,22,26,12,5,26,4,22,38,5,37,4,26,26,26,37,5,26,4,26,13,22,37,26,14,22,26,4,26,22,26,26,4,22,26,14,5,26,63,5,26,4,22,38,5,37,13,26,26,15,22,26,26,22,26,26,22,26,15,5,26,4,26,5,26,9,26,42,4,22,38,5,4,22,38,5,38,0,0,0,0,0,0,0,0,0,0,0,0,0,0,0,0,0,0,0,0,0,0,0,0,0,0,0,0,0,0,0,0,0,0,0,0,0,0,0,0,0,0,0,0,0,0,0,0,0,0,0,0,0,0,0,0,0,0,0,0,0,0,0,0,0,0,0,0,0
Pazopanib,26,26,12,22,26,4,26,22,26,4,26,22,26,12,5,37,26,13,22,37,26,22,26,26,4,22,37,13,5,37,4,26,5,26,14,22,26,26,15,22,37,37,4,26,4,22,26,15,26,22,26,14,5,26,5,26,5,42,4,22,38,5,4,22,38,5,37,0,0,0,0,0,0,0,0,0,0,0,0,0,0,0,0,0,0,0,0,0,0,0,0,0,0,0,0,0,0,0,0,0,0,0,0,0,0,0,0,0,0,0,0,0,0,0,0,0,0,0,0,0,0,0,0,0,0,0,0,0,0,0,0,0,0,0,0,0,0,0,0,0,0,0,0,0,0,0,0,0,0,0,0,0,0,0,0
Luminespib,26,26,37,26,4,22,38,5,26,12,22,26,4,26,4,22,26,13,26,22,26,4,26,4,22,26,26,13,22,38,5,38,5,26,4,26,5,26,5,38,37,12,5,26,14,22,26,26,22,26,4,26,22,26,14,5,26,37,15,26,26,38,26,26,15,0,0,0,0,0,0,0,0,0,0,0,0,0,0,0,0,0,0,0,0,0,0,0,0,0,0,0,0,0,0,0,0,0,0,0,0,0,0,0,0,0,0,0,0,0,0,0,0,0,0,0,0,0,0,0,0,0,0,0,0,0,0,0,0,0,0,0,0,0,0,0,0,0,0,0,0,0,0,0,0,0,0,0,0,0,0,0,0,0,0
Saracatinib,26,37,12,26,26,37,4,26,26,12,5,26,26,38,26,13,22,26,26,4,22,26,14,26,4,22,26,13,5,37,22,26,37,22,26,14,37,26,15,22,26,4,26,22,26,26,16,22,26,15,38,26,38,16,5,26,63,5,38,26,17,26,26,38,26,26,17,0,0,0,0,0,0,0,0,0,0,0,0,0,0,0,0,0,0,0,0,0,0,0,0,0,0,0,0,0,0,0,0,0,0,0,0,0,0,0,0,0,0,0,0,0,0,0,0,0,0,0,0,0,0,0,0,0,0,0,0,0,0,0,0,0,0,0,0,0,0,0,0,0,0,0,0,0,0,0,0,0,0,0,0,0,0,0,0
BMS-536924,26,26,12,22,26,26,4,22,26,26,13,22,26,12,37,26,4,22,26,14,26,4,22,26,26,22,37,26,14,22,38,5,37,26,26,4,26,15,22,26,26,4,22,26,26,22,26,15,5,26,63,5,38,5,37,13,5,37,16,26,26,38,26,26,16,0,0,0,0,0,0,0,0,0,0,0,0,0,0,0,0,0,0,0,0,0,0,0,0,0,0,0,0,0,0,0,0,0,0,0,0,0,0,0,0,0,0,0,0,0,0,0,0,0,0,0,0,0,0,0,0,0,0,0,0,0,0,0,0,0,0,0,0,0,0,0,0,0,0,0,0,0,0,0,0,0,0,0,0,0,0,0,0,0,0
KIN001-244,26,12,22,26,26,22,26,4,26,22,26,12,5,26,4,26,38,26,13,22,26,26,14,22,26,4,26,22,26,13,5,37,26,4,22,38,5,37,14,5,37,26,4,22,38,5,26,15,22,26,26,22,26,37,4,26,15,22,38,5,26,26,16,22,26,26,4,22,26,4,26,22,26,16,5,29,5,29,0,0,0,0,0,0,0,0,0,0,0,0,0,0,0,0,0,0,0,0,0,0,0,0,0,0,0,0,0,0,0,0,0,0,0,0,0,0,0,0,0,0,0,0,0,0,0,0,0,0,0,0,0,0,0,0,0,0,0,0,0,0,0,0,0,0,0,0,0,0,0,0,0,0,0,0,0
QS11,26,12,26,26,13,22,26,4,26,12,5,26,22,26,4,26,22,26,13,5,38,26,14,22,37,26,15,22,26,4,26,4,22,37,14,5,37,26,4,26,26,16,22,26,26,22,26,26,22,26,16,5,26,38,5,37,22,26,37,15,26,26,17,22,26,26,22,26,4,26,22,26,17,5,26,18,22,26,26,22,26,26,22,26,18,0,0,0,0,0,0,0,0,0,0,0,0,0,0,0,0,0,0,0,0,0,0,0,0,0,0,0,0,0,0,0,0,0,0,0,0,0,0,0,0,0,0,0,0,0,0,0,0,0,0,0,0,0,0,0,0,0,0,0,0,0,0,0,0,0,0,0,0,0,0
NG-25,26,26,37,12,26,26,37,4,26,26,12,5,26,26,13,22,26,4,26,22,26,4,26,22,26,13,5,37,26,4,22,38,5,26,14,22,26,26,4,22,26,4,26,22,26,14,5,26,5,38,26,15,22,26,16,26,22,26,37,26,16,22,37,26,22,26,15,5,26,4,29,5,4,29,5,29,0,0,0,0,0,0,0,0,0,0,0,0,0,0,0,0,0,0,0,0,0,0,0,0,0,0,0,0,0,0,0,0,0,0,0,0,0,0,0,0,0,0,0,0,0,0,0,0,0,0,0,0,0,0,0,0,0,0,0,0,0,0,0,0,0,0,0,0,0,0,0,0,0,0,0,0,0,0,0
MPS-1-IN-1,26,26,4,26,5,42,4,22,38,5,4,22,38,5,26,12,22,26,26,22,26,26,22,26,12,37,26,13,22,26,26,4,22,37,26,14,22,26,13,26,22,26,37,14,5,37,26,15,22,26,4,26,22,26,4,26,22,26,15,5,37,16,26,26,26,4,26,26,16,5,38,5,38,26,0,0,0,0,0,0,0,0,0,0,0,0,0,0,0,0,0,0,0,0,0,0,0,0,0,0,0,0,0,0,0,0,0,0,0,0,0,0,0,0,0,0,0,0,0,0,0,0,0,0,0,0,0,0,0,0,0,0,0,0,0,0,0,0,0,0,0,0,0,0,0,0,0,0,0,0,0,0,0,0,0
Pelitinib,26,26,38,26,12,22,26,4,26,22,26,13,26,4,22,26,12,5,37,22,26,26,4,22,26,13,37,26,14,22,26,26,4,22,26,4,26,22,26,14,5,29,5,26,63,5,26,2,37,5,37,26,4,22,38,5,26,22,26,26,37,4,26,5,26,0,0,0,0,0,0,0,0,0,0,0,0,0,0,0,0,0,0,0,0,0,0,0,0,0,0,0,0,0,0,0,0,0,0,0,0,0,0,0,0,0,0,0,0,0,0,0,0,0,0,0,0,0,0,0,0,0,0,0,0,0,0,0,0,0,0,0,0,0,0,0,0,0,0,0,0,0,0,0,0,0,0,0,0,0,0,0,0,0,0
CCT-018159,26,26,26,12,22,26,26,4,22,26,13,26,4,22,26,4,37,37,13,5,26,5,26,14,22,26,26,15,22,26,4,26,22,26,14,5,38,26,26,38,15,5,26,4,22,38,5,26,22,26,12,38,0,0,0,0,0,0,0,0,0,0,0,0,0,0,0,0,0,0,0,0,0,0,0,0,0,0,0,0,0,0,0,0,0,0,0,0,0,0,0,0,0,0,0,0,0,0,0,0,0,0,0,0,0,0,0,0,0,0,0,0,0,0,0,0,0,0,0,0,0,0,0,0,0,0,0,0,0,0,0,0,0,0,0,0,0,0,0,0,0,0,0,0,0,0,0,0,0,0,0,0,0,0,0
Bryostatin 1,26,26,26,26,22,26,26,22,26,26,4,22,38,5,38,26,12,26,4,22,26,26,4,22,38,5,38,26,5,26,26,13,26,26,4,38,26,4,22,38,5,26,26,4,26,26,14,26,26,4,26,4,26,4,38,14,5,4,26,26,15,26,26,4,22,26,26,4,22,38,5,38,26,5,26,26,4,38,15,5,26,22,26,26,4,26,12,4,38,13,5,38,5,4,26,5,26,5,38,5,4,26,5,26,5,38,26,4,22,38,5,26,5,38,5,26,4,26,5,38,0,0,0,0,0,0,0,0,0,0,0,0,0,0,0,0,0,0,0,0,0,0,0,0,0,0,0,0,0,0,0,0,0,0,0
SN-38,26,26,26,12,22,26,13,26,22,26,4,26,22,26,26,13,22,37,26,14,22,26,12,26,37,15,26,14,22,26,26,16,22,26,4,26,15,22,38,5,26,38,26,4,22,38,5,26,16,4,26,26,5,38,5,38,0,0,0,0,0,0,0,0,0,0,0,0,0,0,0,0,0,0,0,0,0,0,0,0,0,0,0,0,0,0,0,0,0,0,0,0,0,0,0,0,0,0,0,0,0,0,0,0,0,0,0,0,0,0,0,0,0,0,0,0,0,0,0,0,0,0,0,0,0,0,0,0,0,0,0,0,0,0,0,0,0,0,0,0,0,0,0,0,0,0,0,0,0,0,0,0,0,0,0
Nilotinib,26,26,12,22,26,4,26,22,26,4,26,22,26,12,5,26,4,22,38,5,37,26,13,22,26,26,4,22,26,26,4,22,26,13,5,37,14,26,22,26,4,37,22,26,14,5,26,5,26,4,29,5,4,29,5,29,5,37,26,15,22,37,26,22,26,26,4,22,37,15,5,26,16,22,26,37,22,26,26,22,26,16,0,0,0,0,0,0,0,0,0,0,0,0,0,0,0,0,0,0,0,0,0,0,0,0,0,0,0,0,0,0,0,0,0,0,0,0,0,0,0,0,0,0,0,0,0,0,0,0,0,0,0,0,0,0,0,0,0,0,0,0,0,0,0,0,0,0,0,0,0,0,0,0,0
KIN001-270,26,26,12,22,26,4,26,22,26,4,26,22,26,12,5,37,26,13,22,37,26,22,37,26,4,22,26,13,5,26,14,22,26,26,4,22,26,26,22,26,14,5,37,15,26,4,22,38,5,26,16,22,26,26,22,26,26,22,26,16,26,15,22,38,5,37,42,4,22,38,5,4,22,38,5,26,0,0,0,0,0,0,0,0,0,0,0,0,0,0,0,0,0,0,0,0,0,0,0,0,0,0,0,0,0,0,0,0,0,0,0,0,0,0,0,0,0,0,0,0,0,0,0,0,0,0,0,0,0,0,0,0,0,0,0,0,0,0,0,0,0,0,0,0,0,0,0,0,0,0,0,0,0,0,0
XMD11-85h,38,22,26,12,26,26,37,4,26,13,26,26,26,26,13,5,26,14,22,37,26,4,37,26,15,22,26,26,22,26,4,26,4,37,26,16,26,26,37,4,26,5,26,26,16,5,22,38,5,26,22,26,15,38,26,5,22,37,26,22,26,14,37,12,26,4,26,5,26,0,0,0,0,0,0,0,0,0,0,0,0,0,0,0,0,0,0,0,0,0,0,0,0,0,0,0,0,0,0,0,0,0,0,0,0,0,0,0,0,0,0,0,0,0,0,0,0,0,0,0,0,0,0,0,0,0,0,0,0,0,0,0,0,0,0,0,0,0,0,0,0,0,0,0,0,0,0,0,0,0,0,0,0,0,0
ZSTK474,26,12,26,38,26,26,37,12,26,13,22,37,26,4,22,37,26,4,22,37,13,5,37,14,26,15,22,26,26,22,26,26,22,26,15,37,22,26,14,26,4,29,5,29,5,37,16,26,26,38,26,26,16,0,0,0,0,0,0,0,0,0,0,0,0,0,0,0,0,0,0,0,0,0,0,0,0,0,0,0,0,0,0,0,0,0,0,0,0,0,0,0,0,0,0,0,0,0,0,0,0,0,0,0,0,0,0,0,0,0,0,0,0,0,0,0,0,0,0,0,0,0,0,0,0,0,0,0,0,0,0,0,0,0,0,0,0,0,0,0,0,0,0,0,0,0,0,0,0,0,0,0,0,0,0
FMK,26,26,12,22,26,26,22,26,4,26,22,26,12,5,26,13,22,26,4,37,4,26,14,22,26,13,26,4,22,37,26,22,37,14,5,37,5,26,26,26,37,26,26,38,26,5,26,4,22,38,5,26,29,0,0,0,0,0,0,0,0,0,0,0,0,0,0,0,0,0,0,0,0,0,0,0,0,0,0,0,0,0,0,0,0,0,0,0,0,0,0,0,0,0,0,0,0,0,0,0,0,0,0,0,0,0,0,0,0,0,0,0,0,0,0,0,0,0,0,0,0,0,0,0,0,0,0,0,0,0,0,0,0,0,0,0,0,0,0,0,0,0,0,0,0,0,0,0,0,0,0,0,0,0,0
Talazoparib,26,37,12,26,4,22,37,26,22,37,12,5,26,13,26,4,37,22,26,14,26,22,26,4,26,22,26,15,26,14,22,26,13,37,37,26,15,22,38,5,29,5,26,16,22,26,26,22,26,4,26,22,26,16,5,29,0,0,0,0,0,0,0,0,0,0,0,0,0,0,0,0,0,0,0,0,0,0,0,0,0,0,0,0,0,0,0,0,0,0,0,0,0,0,0,0,0,0,0,0,0,0,0,0,0,0,0,0,0,0,0,0,0,0,0,0,0,0,0,0,0,0,0,0,0,0,0,0,0,0,0,0,0,0,0,0,0,0,0,0,0,0,0,0,0,0,0,0,0,0,0,0,0,0,0
XMD8-85,26,37,12,26,26,37,4,26,26,12,5,26,13,22,26,26,4,22,26,4,26,22,26,13,5,37,26,14,22,37,26,22,26,15,26,4,22,37,14,5,37,4,26,16,22,26,26,22,26,26,22,26,16,26,4,22,38,5,37,15,26,5,26,5,38,26,0,0,0,0,0,0,0,0,0,0,0,0,0,0,0,0,0,0,0,0,0,0,0,0,0,0,0,0,0,0,0,0,0,0,0,0,0,0,0,0,0,0,0,0,0,0,0,0,0,0,0,0,0,0,0,0,0,0,0,0,0,0,0,0,0,0,0,0,0,0,0,0,0,0,0,0,0,0,0,0,0,0,0,0,0,0,0,0,0
Belinostat,26,12,22,26,26,22,26,4,26,22,26,12,5,37,42,4,22,38,5,4,22,38,5,26,13,22,26,26,22,26,26,4,22,26,13,5,26,22,26,26,4,22,38,5,37,38,0,0,0,0,0,0,0,0,0,0,0,0,0,0,0,0,0,0,0,0,0,0,0,0,0,0,0,0,0,0,0,0,0,0,0,0,0,0,0,0,0,0,0,0,0,0,0,0,0,0,0,0,0,0,0,0,0,0,0,0,0,0,0,0,0,0,0,0,0,0,0,0,0,0,0,0,0,0,0,0,0,0,0,0,0,0,0,0,0,0,0,0,0,0,0,0,0,0,0,0,0,0,0,0,0,0,0,0,0
AS605240,26,12,22,26,26,13,22,37,26,22,26,37,22,26,13,26,22,26,12,26,22,26,14,26,4,22,38,5,37,26,4,22,38,5,42,14,0,0,0,0,0,0,0,0,0,0,0,0,0,0,0,0,0,0,0,0,0,0,0,0,0,0,0,0,0,0,0,0,0,0,0,0,0,0,0,0,0,0,0,0,0,0,0,0,0,0,0,0,0,0,0,0,0,0,0,0,0,0,0,0,0,0,0,0,0,0,0,0,0,0,0,0,0,0,0,0,0,0,0,0,0,0,0,0,0,0,0,0,0,0,0,0,0,0,0,0,0,0,0,0,0,0,0,0,0,0,0,0,0,0,0,0,0,0,0
Zibotentan,26,26,12,22,26,37,22,26,4,26,4,22,37,12,5,38,26,5,37,42,4,22,38,5,4,22,38,5,26,13,22,26,4,37,22,26,26,22,26,13,5,26,14,22,26,26,22,26,4,26,22,26,14,5,26,15,22,37,37,22,26,38,15,0,0,0,0,0,0,0,0,0,0,0,0,0,0,0,0,0,0,0,0,0,0,0,0,0,0,0,0,0,0,0,0,0,0,0,0,0,0,0,0,0,0,0,0,0,0,0,0,0,0,0,0,0,0,0,0,0,0,0,0,0,0,0,0,0,0,0,0,0,0,0,0,0,0,0,0,0,0,0,0,0,0,0,0,0,0,0,0,0,0,0,0
PI-103,26,12,26,38,26,26,37,12,26,13,22,37,26,4,22,37,26,14,22,26,13,38,26,15,22,26,14,26,22,26,26,22,37,15,5,26,16,22,26,26,4,22,26,26,22,26,16,5,38,0,0,0,0,0,0,0,0,0,0,0,0,0,0,0,0,0,0,0,0,0,0,0,0,0,0,0,0,0,0,0,0,0,0,0,0,0,0,0,0,0,0,0,0,0,0,0,0,0,0,0,0,0,0,0,0,0,0,0,0,0,0,0,0,0,0,0,0,0,0,0,0,0,0,0,0,0,0,0,0,0,0,0,0,0,0,0,0,0,0,0,0,0,0,0,0,0,0,0,0,0,0,0,0,0,0
GSK429286A,26,26,12,22,26,4,26,4,26,26,4,22,38,5,37,12,5,26,13,22,26,26,22,26,4,26,22,26,13,5,26,4,29,5,4,29,5,29,5,26,4,22,38,5,37,26,14,22,26,4,26,22,26,15,26,4,22,26,14,5,26,22,37,37,15,5,29,0,0,0,0,0,0,0,0,0,0,0,0,0,0,0,0,0,0,0,0,0,0,0,0,0,0,0,0,0,0,0,0,0,0,0,0,0,0,0,0,0,0,0,0,0,0,0,0,0,0,0,0,0,0,0,0,0,0,0,0,0,0,0,0,0,0,0,0,0,0,0,0,0,0,0,0,0,0,0,0,0,0,0,0,0,0,0,0
Temsirolimus,26,26,12,26,26,26,13,26,26,4,26,4,22,26,26,22,26,26,22,26,26,4,26,26,4,26,4,22,38,5,26,4,26,4,26,4,22,26,26,4,26,4,22,38,5,26,26,4,38,26,4,22,38,5,26,14,26,26,26,26,37,14,26,4,22,38,5,26,4,22,38,5,26,12,4,38,13,5,38,5,26,4,26,5,26,26,15,26,26,26,4,26,4,26,15,5,38,26,5,38,26,4,22,38,5,26,4,26,5,4,26,38,5,26,38,5,26,5,26,5,38,5,38,26,5,26,5,26,5,26,5,38,26,0,0,0,0,0,0,0,0,0,0,0,0,0,0,0,0,0,0,0,0,0,0
NU7441,26,12,26,38,26,26,37,12,26,13,22,26,26,4,22,38,5,26,14,22,26,4,38,13,5,26,4,22,26,26,22,26,14,5,26,15,22,26,26,22,26,26,16,22,26,15,42,26,17,22,26,26,22,26,26,22,26,16,17,0,0,0,0,0,0,0,0,0,0,0,0,0,0,0,0,0,0,0,0,0,0,0,0,0,0,0,0,0,0,0,0,0,0,0,0,0,0,0,0,0,0,0,0,0,0,0,0,0,0,0,0,0,0,0,0,0,0,0,0,0,0,0,0,0,0,0,0,0,0,0,0,0,0,0,0,0,0,0,0,0,0,0,0,0,0,0,0,0,0,0,0,0,0,0,0
Obatoclax Mesylate,26,26,12,22,26,26,4,22,26,4,37,12,5,26,22,26,13,26,4,22,26,26,4,22,26,14,26,22,26,15,26,22,26,26,22,26,26,15,22,37,14,5,37,13,5,38,26,5,26,9,26,42,4,22,38,5,4,22,38,5,38,0,0,0,0,0,0,0,0,0,0,0,0,0,0,0,0,0,0,0,0,0,0,0,0,0,0,0,0,0,0,0,0,0,0,0,0,0,0,0,0,0,0,0,0,0,0,0,0,0,0,0,0,0,0,0,0,0,0,0,0,0,0,0,0,0,0,0,0,0,0,0,0,0,0,0,0,0,0,0,0,0,0,0,0,0,0,0,0,0,0,0,0,0,0
PFI-1,26,37,12,26,26,13,22,26,4,26,22,26,26,4,22,26,13,5,37,42,4,22,38,5,4,22,38,5,26,14,22,26,26,22,26,26,22,26,14,38,26,5,37,26,12,22,38,0,0,0,0,0,0,0,0,0,0,0,0,0,0,0,0,0,0,0,0,0,0,0,0,0,0,0,0,0,0,0,0,0,0,0,0,0,0,0,0,0,0,0,0,0,0,0,0,0,0,0,0,0,0,0,0,0,0,0,0,0,0,0,0,0,0,0,0,0,0,0,0,0,0,0,0,0,0,0,0,0,0,0,0,0,0,0,0,0,0,0,0,0,0,0,0,0,0,0,0,0,0,0,0,0,0,0,0
Ponatinib,26,26,12,22,26,4,26,22,26,4,26,22,26,12,5,26,4,22,38,5,37,26,13,22,26,26,4,22,26,4,26,22,26,13,5,26,37,14,26,26,37,4,26,26,14,5,26,5,26,4,29,5,4,29,5,29,5,26,2,26,26,15,22,26,37,22,26,16,37,15,37,22,26,26,22,26,16,0,0,0,0,0,0,0,0,0,0,0,0,0,0,0,0,0,0,0,0,0,0,0,0,0,0,0,0,0,0,0,0,0,0,0,0,0,0,0,0,0,0,0,0,0,0,0,0,0,0,0,0,0,0,0,0,0,0,0,0,0,0,0,0,0,0,0,0,0,0,0,0,0,0,0,0,0,0
Selisistat,26,12,26,26,4,26,13,22,26,4,26,12,5,26,14,22,26,4,37,13,5,26,22,26,26,4,22,26,14,5,26,63,5,26,4,22,38,5,37,0,0,0,0,0,0,0,0,0,0,0,0,0,0,0,0,0,0,0,0,0,0,0,0,0,0,0,0,0,0,0,0,0,0,0,0,0,0,0,0,0,0,0,0,0,0,0,0,0,0,0,0,0,0,0,0,0,0,0,0,0,0,0,0,0,0,0,0,0,0,0,0,0,0,0,0,0,0,0,0,0,0,0,0,0,0,0,0,0,0,0,0,0,0,0,0,0,0,0,0,0,0,0,0,0,0,0,0,0,0,0,0,0,0,0,0
Dasatinib,26,26,12,22,26,4,26,4,22,26,26,22,26,12,5,26,63,5,37,26,4,22,38,5,26,13,22,26,37,22,26,4,42,13,5,37,26,14,22,37,26,4,22,37,26,4,22,26,14,5,37,15,26,26,37,4,26,26,15,5,26,26,38,5,26,0,0,0,0,0,0,0,0,0,0,0,0,0,0,0,0,0,0,0,0,0,0,0,0,0,0,0,0,0,0,0,0,0,0,0,0,0,0,0,0,0,0,0,0,0,0,0,0,0,0,0,0,0,0,0,0,0,0,0,0,0,0,0,0,0,0,0,0,0,0,0,0,0,0,0,0,0,0,0,0,0,0,0,0,0,0,0,0,0,0
Axitinib,26,37,26,4,22,38,5,26,12,22,26,26,22,26,26,22,26,12,42,26,13,22,26,26,14,22,26,4,26,22,26,13,5,26,4,22,37,37,14,5,26,22,26,26,15,22,26,26,22,26,26,22,37,15,0,0,0,0,0,0,0,0,0,0,0,0,0,0,0,0,0,0,0,0,0,0,0,0,0,0,0,0,0,0,0,0,0,0,0,0,0,0,0,0,0,0,0,0,0,0,0,0,0,0,0,0,0,0,0,0,0,0,0,0,0,0,0,0,0,0,0,0,0,0,0,0,0,0,0,0,0,0,0,0,0,0,0,0,0,0,0,0,0,0,0,0,0,0,0,0,0,0,0,0,0
FTI-277,26,38,26,4,22,38,5,26,4,26,26,42,26,5,37,26,4,22,38,5,26,12,22,26,4,26,22,26,4,26,22,26,12,5,37,26,26,4,26,42,5,37,5,26,13,22,26,26,22,26,26,22,26,13,0,0,0,0,0,0,0,0,0,0,0,0,0,0,0,0,0,0,0,0,0,0,0,0,0,0,0,0,0,0,0,0,0,0,0,0,0,0,0,0,0,0,0,0,0,0,0,0,0,0,0,0,0,0,0,0,0,0,0,0,0,0,0,0,0,0,0,0,0,0,0,0,0,0,0,0,0,0,0,0,0,0,0,0,0,0,0,0,0,0,0,0,0,0,0,0,0,0,0,0,0
SB52334,26,26,12,22,26,26,22,26,26,4,22,37,12,5,26,13,22,26,4,37,22,26,4,37,13,5,26,4,26,5,4,26,5,26,5,26,14,22,26,26,15,22,37,26,22,26,37,22,26,15,26,22,26,14,0,0,0,0,0,0,0,0,0,0,0,0,0,0,0,0,0,0,0,0,0,0,0,0,0,0,0,0,0,0,0,0,0,0,0,0,0,0,0,0,0,0,0,0,0,0,0,0,0,0,0,0,0,0,0,0,0,0,0,0,0,0,0,0,0,0,0,0,0,0,0,0,0,0,0,0,0,0,0,0,0,0,0,0,0,0,0,0,0,0,0,0,0,0,0,0,0,0,0,0,0
GSK269962A,26,26,37,12,26,13,22,26,26,4,22,37,26,22,26,13,37,22,26,12,26,14,22,37,38,37,22,26,14,37,5,38,26,15,22,26,26,22,26,26,4,22,26,15,5,37,26,4,22,38,5,26,16,22,26,26,22,26,4,26,22,26,16,5,38,26,26,37,17,26,26,38,26,26,17,0,0,0,0,0,0,0,0,0,0,0,0,0,0,0,0,0,0,0,0,0,0,0,0,0,0,0,0,0,0,0,0,0,0,0,0,0,0,0,0,0,0,0,0,0,0,0,0,0,0,0,0,0,0,0,0,0,0,0,0,0,0,0,0,0,0,0,0,0,0,0,0,0,0,0,0,0,0,0,0
Trametinib,26,26,12,22,26,13,26,4,22,26,4,37,4,26,12,22,38,5,26,5,37,26,14,22,26,4,26,22,26,4,26,22,26,14,5,32,5,29,5,26,4,22,38,5,37,4,26,4,22,38,5,37,13,26,15,22,26,26,4,22,26,26,22,26,15,5,37,26,4,22,38,5,26,5,26,16,26,26,16,0,0,0,0,0,0,0,0,0,0,0,0,0,0,0,0,0,0,0,0,0,0,0,0,0,0,0,0,0,0,0,0,0,0,0,0,0,0,0,0,0,0,0,0,0,0,0,0,0,0,0,0,0,0,0,0,0,0,0,0,0,0,0,0,0,0,0,0,0,0,0,0,0,0,0,0
AR-42,26,26,4,26,5,26,4,26,12,22,26,26,22,26,26,22,26,12,5,26,4,22,38,5,37,26,13,22,26,26,22,26,4,26,22,26,13,5,26,4,22,38,5,37,38,0,0,0,0,0,0,0,0,0,0,0,0,0,0,0,0,0,0,0,0,0,0,0,0,0,0,0,0,0,0,0,0,0,0,0,0,0,0,0,0,0,0,0,0,0,0,0,0,0,0,0,0,0,0,0,0,0,0,0,0,0,0,0,0,0,0,0,0,0,0,0,0,0,0,0,0,0,0,0,0,0,0,0,0,0,0,0,0,0,0,0,0,0,0,0,0,0,0,0,0,0,0,0,0,0,0,0,0,0,0
CI-1040,26,12,26,26,12,26,38,37,26,4,22,38,5,26,13,22,26,4,26,4,22,26,4,26,22,26,13,5,29,5,29,5,37,26,14,22,26,4,26,22,26,4,26,22,26,14,5,32,5,26,63,0,0,0,0,0,0,0,0,0,0,0,0,0,0,0,0,0,0,0,0,0,0,0,0,0,0,0,0,0,0,0,0,0,0,0,0,0,0,0,0,0,0,0,0,0,0,0,0,0,0,0,0,0,0,0,0,0,0,0,0,0,0,0,0,0,0,0,0,0,0,0,0,0,0,0,0,0,0,0,0,0,0,0,0,0,0,0,0,0,0,0,0,0,0,0,0,0,0,0,0,0,0,0,0
Masitinib,26,26,12,22,26,4,26,22,26,4,26,22,26,12,5,37,26,4,22,38,5,26,13,22,26,26,22,26,4,26,22,26,13,5,26,37,14,26,26,37,4,26,26,14,5,26,5,37,26,15,22,37,26,4,22,26,42,15,5,26,16,22,26,37,22,26,26,22,26,16,0,0,0,0,0,0,0,0,0,0,0,0,0,0,0,0,0,0,0,0,0,0,0,0,0,0,0,0,0,0,0,0,0,0,0,0,0,0,0,0,0,0,0,0,0,0,0,0,0,0,0,0,0,0,0,0,0,0,0,0,0,0,0,0,0,0,0,0,0,0,0,0,0,0,0,0,0,0,0,0,0,0,0,0,0
Fedratinib,26,26,12,22,26,37,22,26,4,37,22,26,12,37,26,13,22,26,26,4,22,26,26,22,26,13,5,42,4,22,38,5,4,22,38,5,37,26,4,26,5,4,26,5,26,5,37,26,14,22,26,26,22,26,4,26,22,26,14,5,38,26,26,37,15,26,26,26,26,15,0,0,0,0,0,0,0,0,0,0,0,0,0,0,0,0,0,0,0,0,0,0,0,0,0,0,0,0,0,0,0,0,0,0,0,0,0,0,0,0,0,0,0,0,0,0,0,0,0,0,0,0,0,0,0,0,0,0,0,0,0,0,0,0,0,0,0,0,0,0,0,0,0,0,0,0,0,0,0,0,0,0,0,0,0
Tanespimycin,26,26,12,26,26,4,26,4,26,4,26,22,26,4,26,4,26,4,26,22,26,26,22,26,4,26,4,22,38,5,37,26,13,22,26,26,4,22,38,5,26,4,22,26,4,26,12,5,26,13,22,38,5,37,26,26,22,26,5,26,5,38,26,5,38,26,4,22,38,5,37,5,26,5,26,5,38,5,38,26,0,0,0,0,0,0,0,0,0,0,0,0,0,0,0,0,0,0,0,0,0,0,0,0,0,0,0,0,0,0,0,0,0,0,0,0,0,0,0,0,0,0,0,0,0,0,0,0,0,0,0,0,0,0,0,0,0,0,0,0,0,0,0,0,0,0,0,0,0,0,0,0,0,0,0
Refametinib,26,38,26,12,22,26,26,4,22,26,4,26,4,22,26,12,37,42,4,22,38,5,4,22,38,5,26,13,4,26,26,13,5,26,26,4,26,38,5,38,5,37,26,14,22,26,4,26,22,26,4,26,22,26,14,5,32,5,29,5,29,5,29,0,0,0,0,0,0,0,0,0,0,0,0,0,0,0,0,0,0,0,0,0,0,0,0,0,0,0,0,0,0,0,0,0,0,0,0,0,0,0,0,0,0,0,0,0,0,0,0,0,0,0,0,0,0,0,0,0,0,0,0,0,0,0,0,0,0,0,0,0,0,0,0,0,0,0,0,0,0,0,0,0,0,0,0,0,0,0,0,0,0,0,0
WZ-1-84,26,26,26,4,22,38,5,37,4,26,5,26,12,22,26,26,22,26,4,26,22,26,12,5,37,26,13,22,37,26,14,22,26,4,26,4,22,37,13,5,37,26,15,26,26,26,37,4,26,15,5,26,4,22,38,5,26,22,26,5,37,26,22,37,14,0,0,0,0,0,0,0,0,0,0,0,0,0,0,0,0,0,0,0,0,0,0,0,0,0,0,0,0,0,0,0,0,0,0,0,0,0,0,0,0,0,0,0,0,0,0,0,0,0,0,0,0,0,0,0,0,0,0,0,0,0,0,0,0,0,0,0,0,0,0,0,0,0,0,0,0,0,0,0,0,0,0,0,0,0,0,0,0,0,0
Tipifarnib,26,37,12,26,22,37,26,22,26,12,26,4,26,13,22,26,26,22,26,4,26,22,26,13,5,26,63,5,4,26,14,22,26,26,15,22,26,4,26,22,26,14,5,37,4,26,4,22,38,5,26,22,26,15,26,16,22,26,26,4,22,26,26,22,26,16,5,26,63,5,26,5,37,0,0,0,0,0,0,0,0,0,0,0,0,0,0,0,0,0,0,0,0,0,0,0,0,0,0,0,0,0,0,0,0,0,0,0,0,0,0,0,0,0,0,0,0,0,0,0,0,0,0,0,0,0,0,0,0,0,0,0,0,0,0,0,0,0,0,0,0,0,0,0,0,0,0,0,0,0,0,0,0,0,0
Motesanib,26,26,12,4,26,37,26,13,22,26,12,26,22,26,26,4,22,26,13,5,37,26,4,22,38,5,26,14,22,26,4,37,22,26,26,22,26,14,5,37,26,26,15,22,26,26,22,37,26,22,26,15,5,26,0,0,0,0,0,0,0,0,0,0,0,0,0,0,0,0,0,0,0,0,0,0,0,0,0,0,0,0,0,0,0,0,0,0,0,0,0,0,0,0,0,0,0,0,0,0,0,0,0,0,0,0,0,0,0,0,0,0,0,0,0,0,0,0,0,0,0,0,0,0,0,0,0,0,0,0,0,0,0,0,0,0,0,0,0,0,0,0,0,0,0,0,0,0,0,0,0,0,0,0,0
FR-180204,26,12,22,26,26,22,26,4,26,22,26,12,5,26,13,22,37,37,14,26,22,26,26,22,26,26,14,22,26,13,26,15,22,26,26,16,22,26,4,37,37,22,26,16,37,22,37,15,5,37,0,0,0,0,0,0,0,0,0,0,0,0,0,0,0,0,0,0,0,0,0,0,0,0,0,0,0,0,0,0,0,0,0,0,0,0,0,0,0,0,0,0,0,0,0,0,0,0,0,0,0,0,0,0,0,0,0,0,0,0,0,0,0,0,0,0,0,0,0,0,0,0,0,0,0,0,0,0,0,0,0,0,0,0,0,0,0,0,0,0,0,0,0,0,0,0,0,0,0,0,0,0,0,0,0
(5Z)-7-Oxozeaenol,26,26,12,26,26,22,26,26,4,22,38,5,26,4,26,4,26,26,22,26,26,13,22,26,26,4,22,26,26,4,22,26,13,26,4,22,38,5,38,12,5,38,5,38,26,5,38,5,38,0,0,0,0,0,0,0,0,0,0,0,0,0,0,0,0,0,0,0,0,0,0,0,0,0,0,0,0,0,0,0,0,0,0,0,0,0,0,0,0,0,0,0,0,0,0,0,0,0,0,0,0,0,0,0,0,0,0,0,0,0,0,0,0,0,0,0,0,0,0,0,0,0,0,0,0,0,0,0,0,0,0,0,0,0,0,0,0,0,0,0,0,0,0,0,0,0,0,0,0,0,0,0,0,0,0
Y-39983,26,26,4,26,12,22,26,26,22,26,4,26,22,26,12,5,26,4,22,38,5,37,26,13,22,26,14,26,22,26,37,26,14,22,37,26,22,26,13,5,37,9,26,63,0,0,0,0,0,0,0,0,0,0,0,0,0,0,0,0,0,0,0,0,0,0,0,0,0,0,0,0,0,0,0,0,0,0,0,0,0,0,0,0,0,0,0,0,0,0,0,0,0,0,0,0,0,0,0,0,0,0,0,0,0,0,0,0,0,0,0,0,0,0,0,0,0,0,0,0,0,0,0,0,0,0,0,0,0,0,0,0,0,0,0,0,0,0,0,0,0,0,0,0,0,0,0,0,0,0,0,0,0,0,0
BMS-345541,26,26,12,22,26,26,13,22,26,4,26,22,26,12,5,37,22,26,4,26,14,22,37,26,22,26,4,37,13,14,5,26,5,37,26,26,37,9,26,63,0,0,0,0,0,0,0,0,0,0,0,0,0,0,0,0,0,0,0,0,0,0,0,0,0,0,0,0,0,0,0,0,0,0,0,0,0,0,0,0,0,0,0,0,0,0,0,0,0,0,0,0,0,0,0,0,0,0,0,0,0,0,0,0,0,0,0,0,0,0,0,0,0,0,0,0,0,0,0,0,0,0,0,0,0,0,0,0,0,0,0,0,0,0,0,0,0,0,0,0,0,0,0,0,0,0,0,0,0,0,0,0,0,0,0
HG-5-88-01,26,37,26,12,22,37,26,4,22,37,26,22,26,12,26,63,5,37,26,13,22,26,4,26,22,26,4,26,22,26,13,5,26,4,22,38,5,37,14,26,26,38,26,26,14,5,38,26,0,0,0,0,0,0,0,0,0,0,0,0,0,0,0,0,0,0,0,0,0,0,0,0,0,0,0,0,0,0,0,0,0,0,0,0,0,0,0,0,0,0,0,0,0,0,0,0,0,0,0,0,0,0,0,0,0,0,0,0,0,0,0,0,0,0,0,0,0,0,0,0,0,0,0,0,0,0,0,0,0,0,0,0,0,0,0,0,0,0,0,0,0,0,0,0,0,0,0,0,0,0,0,0,0,0,0
Cetuximab,26,26,12,4,26,4,22,26,5,37,4,26,13,22,26,26,22,26,26,22,26,13,12,5,26,26,26,26,26,26,4,22,38,5,38,5,26,9,25,69,0,0,0,0,0,0,0,0,0,0,0,0,0,0,0,0,0,0,0,0,0,0,0,0,0,0,0,0,0,0,0,0,0,0,0,0,0,0,0,0,0,0,0,0,0,0,0,0,0,0,0,0,0,0,0,0,0,0,0,0,0,0,0,0,0,0,0,0,0,0,0,0,0,0,0,0,0,0,0,0,0,0,0,0,0,0,0,0,0,0,0,0,0,0,0,0,0,0,0,0,0,0,0,0,0,0,0,0,0,0,0,0,0,0,0
Bosutinib,26,37,12,26,26,37,4,26,26,12,5,26,26,26,38,26,13,22,26,4,26,22,26,14,26,4,22,26,13,5,37,22,26,26,4,22,26,14,37,26,15,22,26,26,4,22,26,4,26,22,26,15,26,63,5,26,63,5,38,26,5,26,2,37,5,38,26,0,0,0,0,0,0,0,0,0,0,0,0,0,0,0,0,0,0,0,0,0,0,0,0,0,0,0,0,0,0,0,0,0,0,0,0,0,0,0,0,0,0,0,0,0,0,0,0,0,0,0,0,0,0,0,0,0,0,0,0,0,0,0,0,0,0,0,0,0,0,0,0,0,0,0,0,0,0,0,0,0,0,0,0,0,0,0,0
BMS-754807,26,26,12,4,26,26,26,37,12,26,13,22,37,37,14,26,22,26,26,22,26,14,26,4,22,37,13,5,37,26,15,22,37,37,26,4,22,26,15,5,26,16,26,26,16,5,26,4,22,38,5,37,26,17,22,26,37,22,26,4,26,22,26,17,5,29,0,0,0,0,0,0,0,0,0,0,0,0,0,0,0,0,0,0,0,0,0,0,0,0,0,0,0,0,0,0,0,0,0,0,0,0,0,0,0,0,0,0,0,0,0,0,0,0,0,0,0,0,0,0,0,0,0,0,0,0,0,0,0,0,0,0,0,0,0,0,0,0,0,0,0,0,0,0,0,0,0,0,0,0,0,0,0,0,0
TPCA-1,26,12,22,26,26,4,22,26,26,22,26,12,26,13,22,26,26,4,22,26,4,42,13,5,37,26,4,22,38,5,37,5,26,4,22,38,5,37,5,29,0,0,0,0,0,0,0,0,0,0,0,0,0,0,0,0,0,0,0,0,0,0,0,0,0,0,0,0,0,0,0,0,0,0,0,0,0,0,0,0,0,0,0,0,0,0,0,0,0,0,0,0,0,0,0,0,0,0,0,0,0,0,0,0,0,0,0,0,0,0,0,0,0,0,0,0,0,0,0,0,0,0,0,0,0,0,0,0,0,0,0,0,0,0,0,0,0,0,0,0,0,0,0,0,0,0,0,0,0,0,0,0,0,0,0
Midostaurin,26,26,12,13,26,4,26,4,26,26,4,38,12,5,37,14,26,15,22,26,26,22,26,26,22,26,15,26,16,22,26,17,26,4,22,26,18,26,19,22,26,26,22,26,26,22,26,19,37,13,26,18,22,26,16,14,5,26,37,26,17,22,38,5,37,4,26,5,26,4,22,38,5,26,20,22,26,26,22,26,26,22,26,20,5,38,26,0,0,0,0,0,0,0,0,0,0,0,0,0,0,0,0,0,0,0,0,0,0,0,0,0,0,0,0,0,0,0,0,0,0,0,0,0,0,0,0,0,0,0,0,0,0,0,0,0,0,0,0,0,0,0,0,0,0,0,0,0,0,0,0,0,0,0,0
Daporinad,26,12,26,37,4,26,26,26,12,26,26,26,26,37,26,4,22,38,5,26,22,26,26,13,22,26,37,22,26,26,22,26,13,5,26,4,22,38,5,26,14,22,26,26,22,26,26,22,26,14,0,0,0,0,0,0,0,0,0,0,0,0,0,0,0,0,0,0,0,0,0,0,0,0,0,0,0,0,0,0,0,0,0,0,0,0,0,0,0,0,0,0,0,0,0,0,0,0,0,0,0,0,0,0,0,0,0,0,0,0,0,0,0,0,0,0,0,0,0,0,0,0,0,0,0,0,0,0,0,0,0,0,0,0,0,0,0,0,0,0,0,0,0,0,0,0,0,0,0,0,0,0,0,0,0
CCT007093,26,12,26,26,4,22,26,26,13,22,26,26,22,26,42,13,5,26,4,22,38,5,26,12,22,26,26,14,22,26,26,22,26,42,14,0,0,0,0,0,0,0,0,0,0,0,0,0,0,0,0,0,0,0,0,0,0,0,0,0,0,0,0,0,0,0,0,0,0,0,0,0,0,0,0,0,0,0,0,0,0,0,0,0,0,0,0,0,0,0,0,0,0,0,0,0,0,0,0,0,0,0,0,0,0,0,0,0,0,0,0,0,0,0,0,0,0,0,0,0,0,0,0,0,0,0,0,0,0,0,0,0,0,0,0,0,0,0,0,0,0,0,0,0,0,0,0,0,0,0,0,0,0,0,0
OSU-03012,26,12,22,26,26,22,26,13,26,4,22,26,12,5,26,22,26,26,14,22,26,13,26,22,26,26,4,22,26,14,5,26,15,22,26,26,4,22,37,37,15,26,16,22,26,26,22,26,4,26,22,26,16,5,37,26,4,22,38,5,26,37,5,26,4,29,5,4,29,5,29,0,0,0,0,0,0,0,0,0,0,0,0,0,0,0,0,0,0,0,0,0,0,0,0,0,0,0,0,0,0,0,0,0,0,0,0,0,0,0,0,0,0,0,0,0,0,0,0,0,0,0,0,0,0,0,0,0,0,0,0,0,0,0,0,0,0,0,0,0,0,0,0,0,0,0,0,0,0,0,0,0,0,0,0
GSK1904529A,26,26,26,12,22,26,26,4,22,26,4,26,22,26,12,37,13,26,26,26,4,26,26,13,5,37,14,26,26,37,4,26,26,14,5,42,4,22,38,5,4,22,38,5,26,5,38,26,5,37,26,15,22,37,26,22,26,26,4,22,37,15,5,26,16,22,26,4,37,22,26,17,37,16,26,22,26,26,22,26,17,5,26,18,22,26,26,4,22,26,4,26,22,26,18,5,38,26,5,26,4,22,38,5,37,26,19,22,26,4,26,22,26,26,22,26,19,29,5,29,0,0,0,0,0,0,0,0,0,0,0,0,0,0,0,0,0,0,0,0,0,0,0,0,0,0,0,0,0,0,0,0,0,0,0
Palbociclib,26,26,12,22,26,4,26,4,22,38,5,37,4,26,13,22,37,26,4,22,37,26,22,26,12,13,5,37,26,14,22,37,26,22,26,4,26,22,26,14,5,37,15,26,26,37,26,26,15,5,26,16,26,26,26,26,16,5,26,4,22,38,5,26,0,0,0,0,0,0,0,0,0,0,0,0,0,0,0,0,0,0,0,0,0,0,0,0,0,0,0,0,0,0,0,0,0,0,0,0,0,0,0,0,0,0,0,0,0,0,0,0,0,0,0,0,0,0,0,0,0,0,0,0,0,0,0,0,0,0,0,0,0,0,0,0,0,0,0,0,0,0,0,0,0,0,0,0,0,0,0,0,0,0,0
PF-562271,26,37,4,26,12,22,26,4,26,22,26,26,22,37,12,5,26,37,26,13,22,37,26,4,22,37,26,22,26,13,26,4,29,5,4,29,5,29,5,37,26,14,22,26,26,15,22,26,4,26,22,26,14,5,37,26,4,22,38,5,26,15,5,42,4,22,38,5,4,22,38,5,26,0,0,0,0,0,0,0,0,0,0,0,0,0,0,0,0,0,0,0,0,0,0,0,0,0,0,0,0,0,0,0,0,0,0,0,0,0,0,0,0,0,0,0,0,0,0,0,0,0,0,0,0,0,0,0,0,0,0,0,0,0,0,0,0,0,0,0,0,0,0,0,0,0,0,0,0,0,0,0,0,0,0
PIK-93,26,26,12,22,26,4,42,26,4,22,37,12,5,37,26,4,22,38,5,26,5,26,13,22,26,26,4,22,26,4,26,22,26,13,5,26,63,5,42,4,22,38,5,4,22,38,5,37,26,26,38,0,0,0,0,0,0,0,0,0,0,0,0,0,0,0,0,0,0,0,0,0,0,0,0,0,0,0,0,0,0,0,0,0,0,0,0,0,0,0,0,0,0,0,0,0,0,0,0,0,0,0,0,0,0,0,0,0,0,0,0,0,0,0,0,0,0,0,0,0,0,0,0,0,0,0,0,0,0,0,0,0,0,0,0,0,0,0,0,0,0,0,0,0,0,0,0,0,0,0,0,0,0,0,0
Tubastatin A,26,37,12,26,26,26,13,22,26,4,26,12,5,26,14,22,26,26,22,26,26,22,26,14,37,13,26,26,15,22,26,26,22,26,4,26,22,26,15,5,26,4,22,38,5,37,38,0,0,0,0,0,0,0,0,0,0,0,0,0,0,0,0,0,0,0,0,0,0,0,0,0,0,0,0,0,0,0,0,0,0,0,0,0,0,0,0,0,0,0,0,0,0,0,0,0,0,0,0,0,0,0,0,0,0,0,0,0,0,0,0,0,0,0,0,0,0,0,0,0,0,0,0,0,0,0,0,0,0,0,0,0,0,0,0,0,0,0,0,0,0,0,0,0,0,0,0,0,0,0,0,0,0,0,0
BMS-509744,26,26,12,22,26,4,26,22,26,4,26,4,22,26,12,5,38,26,5,26,4,22,38,5,37,13,26,26,37,4,26,26,13,5,26,4,22,38,5,26,5,42,26,14,22,26,37,22,26,4,42,14,5,37,26,4,22,38,5,26,15,22,26,26,22,26,4,26,22,26,15,5,26,37,26,4,26,5,26,4,26,5,4,26,5,26,0,0,0,0,0,0,0,0,0,0,0,0,0,0,0,0,0,0,0,0,0,0,0,0,0,0,0,0,0,0,0,0,0,0,0,0,0,0,0,0,0,0,0,0,0,0,0,0,0,0,0,0,0,0,0,0,0,0,0,0,0,0,0,0,0,0,0,0,0
TGX221,26,26,12,22,26,37,13,26,4,22,38,5,26,22,26,4,37,22,26,13,26,4,22,26,12,5,26,4,26,5,37,26,14,22,26,26,22,26,26,22,26,14,5,37,15,26,26,38,26,26,15,0,0,0,0,0,0,0,0,0,0,0,0,0,0,0,0,0,0,0,0,0,0,0,0,0,0,0,0,0,0,0,0,0,0,0,0,0,0,0,0,0,0,0,0,0,0,0,0,0,0,0,0,0,0,0,0,0,0,0,0,0,0,0,0,0,0,0,0,0,0,0,0,0,0,0,0,0,0,0,0,0,0,0,0,0,0,0,0,0,0,0,0,0,0,0,0,0,0,0,0,0,0,0,0
WH-4-023,26,26,12,22,26,4,26,4,22,26,26,22,26,12,5,26,5,38,26,4,22,38,5,37,4,26,13,22,26,4,26,22,26,4,26,22,26,13,5,38,26,5,38,26,5,26,14,22,37,26,4,22,37,26,22,26,14,5,37,26,15,22,26,26,22,26,4,26,22,26,15,5,37,16,26,26,37,4,26,26,16,5,26,0,0,0,0,0,0,0,0,0,0,0,0,0,0,0,0,0,0,0,0,0,0,0,0,0,0,0,0,0,0,0,0,0,0,0,0,0,0,0,0,0,0,0,0,0,0,0,0,0,0,0,0,0,0,0,0,0,0,0,0,0,0,0,0,0,0,0,0,0,0,0,0
MG-132,26,26,4,26,5,26,26,4,26,22,38,5,37,26,4,22,38,5,26,4,26,26,4,26,5,26,5,37,26,4,22,38,5,26,4,26,26,4,26,5,26,5,37,26,4,22,38,5,38,26,26,12,22,26,26,22,26,26,22,26,12,0,0,0,0,0,0,0,0,0,0,0,0,0,0,0,0,0,0,0,0,0,0,0,0,0,0,0,0,0,0,0,0,0,0,0,0,0,0,0,0,0,0,0,0,0,0,0,0,0,0,0,0,0,0,0,0,0,0,0,0,0,0,0,0,0,0,0,0,0,0,0,0,0,0,0,0,0,0,0,0,0,0,0,0,0,0,0,0,0,0,0,0,0,0
I-BET-762,26,26,37,26,4,22,38,5,26,26,12,26,13,22,37,37,22,26,4,37,13,26,14,22,26,4,26,22,26,4,26,22,26,14,5,38,26,5,26,4,22,37,12,5,26,15,22,26,26,22,26,4,26,22,26,15,5,26,63,5,26,0,0,0,0,0,0,0,0,0,0,0,0,0,0,0,0,0,0,0,0,0,0,0,0,0,0,0,0,0,0,0,0,0,0,0,0,0,0,0,0,0,0,0,0,0,0,0,0,0,0,0,0,0,0,0,0,0,0,0,0,0,0,0,0,0,0,0,0,0,0,0,0,0,0,0,0,0,0,0,0,0,0,0,0,0,0,0,0,0,0,0,0,0,0
Doramapimod,26,26,12,22,26,26,22,26,4,26,22,26,12,5,37,13,26,4,22,26,26,4,22,37,13,5,26,4,26,5,4,26,5,26,5,37,26,4,22,38,5,37,26,14,22,26,26,22,26,4,26,15,22,26,26,22,26,26,22,26,15,14,5,38,26,26,37,16,26,26,38,26,26,16,0,0,0,0,0,0,0,0,0,0,0,0,0,0,0,0,0,0,0,0,0,0,0,0,0,0,0,0,0,0,0,0,0,0,0,0,0,0,0,0,0,0,0,0,0,0,0,0,0,0,0,0,0,0,0,0,0,0,0,0,0,0,0,0,0,0,0,0,0,0,0,0,0,0,0,0,0,0,0,0,0
IPA-3,26,12,22,26,26,22,26,13,26,4,22,26,12,5,26,22,26,26,4,22,26,13,42,42,26,14,22,26,4,26,22,26,26,15,22,26,26,22,26,26,22,26,15,14,5,38,5,38,0,0,0,0,0,0,0,0,0,0,0,0,0,0,0,0,0,0,0,0,0,0,0,0,0,0,0,0,0,0,0,0,0,0,0,0,0,0,0,0,0,0,0,0,0,0,0,0,0,0,0,0,0,0,0,0,0,0,0,0,0,0,0,0,0,0,0,0,0,0,0,0,0,0,0,0,0,0,0,0,0,0,0,0,0,0,0,0,0,0,0,0,0,0,0,0,0,0,0,0,0,0,0,0,0,0,0
Avagacestat,26,12,22,26,26,4,22,26,26,22,26,12,42,4,22,38,5,4,22,38,5,37,4,26,26,13,22,26,4,26,22,26,4,26,22,26,13,5,26,14,22,37,38,26,22,37,14,5,29,5,26,4,26,26,26,4,29,5,4,29,5,29,5,26,4,22,38,5,37,5,26,63,0,0,0,0,0,0,0,0,0,0,0,0,0,0,0,0,0,0,0,0,0,0,0,0,0,0,0,0,0,0,0,0,0,0,0,0,0,0,0,0,0,0,0,0,0,0,0,0,0,0,0,0,0,0,0,0,0,0,0,0,0,0,0,0,0,0,0,0,0,0,0,0,0,0,0,0,0,0,0,0,0,0,0
Bicalutamide,26,26,4,26,42,4,22,38,5,4,22,38,5,26,12,22,26,26,22,26,4,26,22,26,12,5,29,5,4,26,4,22,38,5,37,26,13,22,26,26,4,22,26,4,26,22,26,13,5,26,2,37,5,26,4,29,5,4,29,5,29,5,38,0,0,0,0,0,0,0,0,0,0,0,0,0,0,0,0,0,0,0,0,0,0,0,0,0,0,0,0,0,0,0,0,0,0,0,0,0,0,0,0,0,0,0,0,0,0,0,0,0,0,0,0,0,0,0,0,0,0,0,0,0,0,0,0,0,0,0,0,0,0,0,0,0,0,0,0,0,0,0,0,0,0,0,0,0,0,0,0,0,0,0,0
Vismodegib,26,42,4,22,38,5,4,22,38,5,26,12,22,26,26,4,22,26,4,26,22,26,12,5,26,4,22,38,5,37,26,13,22,26,26,4,22,26,4,26,22,26,13,5,26,63,5,26,14,22,26,26,22,26,26,22,37,14,5,26,63,0,0,0,0,0,0,0,0,0,0,0,0,0,0,0,0,0,0,0,0,0,0,0,0,0,0,0,0,0,0,0,0,0,0,0,0,0,0,0,0,0,0,0,0,0,0,0,0,0,0,0,0,0,0,0,0,0,0,0,0,0,0,0,0,0,0,0,0,0,0,0,0,0,0,0,0,0,0,0,0,0,0,0,0,0,0,0,0,0,0,0,0,0,0
Alectinib,26,26,26,12,22,26,4,26,22,26,13,26,4,22,26,12,5,26,4,22,38,5,26,14,22,26,4,26,13,4,26,5,26,5,37,26,15,22,26,14,26,22,26,26,4,22,26,15,5,26,2,37,5,37,16,26,26,26,4,26,26,16,5,37,17,26,26,38,26,26,17,0,0,0,0,0,0,0,0,0,0,0,0,0,0,0,0,0,0,0,0,0,0,0,0,0,0,0,0,0,0,0,0,0,0,0,0,0,0,0,0,0,0,0,0,0,0,0,0,0,0,0,0,0,0,0,0,0,0,0,0,0,0,0,0,0,0,0,0,0,0,0,0,0,0,0,0,0,0,0,0,0,0,0,0
Tamoxifen,26,26,26,4,22,26,4,26,12,22,26,26,22,26,26,22,26,12,5,26,13,22,26,26,22,26,4,26,22,26,13,5,38,26,26,37,4,26,5,26,5,26,14,22,26,26,22,26,26,22,26,14,0,0,0,0,0,0,0,0,0,0,0,0,0,0,0,0,0,0,0,0,0,0,0,0,0,0,0,0,0,0,0,0,0,0,0,0,0,0,0,0,0,0,0,0,0,0,0,0,0,0,0,0,0,0,0,0,0,0,0,0,0,0,0,0,0,0,0,0,0,0,0,0,0,0,0,0,0,0,0,0,0,0,0,0,0,0,0,0,0,0,0,0,0,0,0,0,0,0,0,0,0,0,0
TAK-715,26,26,26,12,22,37,26,4,22,26,4,42,12,5,26,13,22,26,26,4,22,37,26,22,26,13,5,37,26,4,22,38,5,26,14,22,26,26,22,26,26,22,26,14,5,26,15,22,26,26,4,22,26,26,22,26,15,5,26,0,0,0,0,0,0,0,0,0,0,0,0,0,0,0,0,0,0,0,0,0,0,0,0,0,0,0,0,0,0,0,0,0,0,0,0,0,0,0,0,0,0,0,0,0,0,0,0,0,0,0,0,0,0,0,0,0,0,0,0,0,0,0,0,0,0,0,0,0,0,0,0,0,0,0,0,0,0,0,0,0,0,0,0,0,0,0,0,0,0,0,0,0,0,0,0
TW 37,26,26,26,4,26,5,26,4,26,4,22,38,5,37,26,26,4,22,38,5,37,26,4,26,26,12,22,26,37,26,13,22,26,26,22,26,26,22,26,13,12,5,26,4,22,38,5,38,5,37,26,4,22,38,5,26,4,26,26,26,4,22,38,5,37,5,37,26,4,22,38,5,26,4,26,26,26,4,22,38,5,38,5,37,26,4,22,38,5,26,4,26,26,26,4,22,38,5,37,5,37,26,4,22,38,5,26,4,26,26,4,26,5,26,5,37,26,4,22,38,5,26,4,26,4,26,5,38,5,37,26,4,22,38,5,26,4,26,38,5,37,26,4,22,38,5,26,4,26,4,26,5,38,5,37
GW-2580,26,38,26,12,22,26,26,22,26,4,26,22,26,12,5,26,38,26,13,22,26,4,26,22,26,4,26,22,26,13,5,26,26,14,22,26,37,22,26,4,37,22,26,14,37,5,37,5,38,26,0,0,0,0,0,0,0,0,0,0,0,0,0,0,0,0,0,0,0,0,0,0,0,0,0,0,0,0,0,0,0,0,0,0,0,0,0,0,0,0,0,0,0,0,0,0,0,0,0,0,0,0,0,0,0,0,0,0,0,0,0,0,0,0,0,0,0,0,0,0,0,0,0,0,0,0,0,0,0,0,0,0,0,0,0,0,0,0,0,0,0,0,0,0,0,0,0,0,0,0,0,0,0,0,0
VX-11e,26,26,12,22,26,37,22,26,4,37,22,26,12,26,13,22,26,37,26,4,22,26,13,5,26,4,22,38,5,37,26,4,26,38,5,26,14,22,26,26,4,22,26,26,22,26,14,5,26,63,5,37,26,15,22,26,4,26,22,26,4,26,22,26,15,5,29,5,26,63,0,0,0,0,0,0,0,0,0,0,0,0,0,0,0,0,0,0,0,0,0,0,0,0,0,0,0,0,0,0,0,0,0,0,0,0,0,0,0,0,0,0,0,0,0,0,0,0,0,0,0,0,0,0,0,0,0,0,0,0,0,0,0,0,0,0,0,0,0,0,0,0,0,0,0,0,0,0,0,0,0,0,0,0,0
CGP-082996,26,26,37,26,12,22,37,26,4,22,37,26,4,22,26,12,5,37,26,13,26,26,26,4,26,26,13,5,38,5,37,26,14,22,26,26,15,22,26,4,26,22,26,14,5,37,4,26,22,26,15,5,26,26,16,22,26,26,22,26,26,22,26,16,0,0,0,0,0,0,0,0,0,0,0,0,0,0,0,0,0,0,0,0,0,0,0,0,0,0,0,0,0,0,0,0,0,0,0,0,0,0,0,0,0,0,0,0,0,0,0,0,0,0,0,0,0,0,0,0,0,0,0,0,0,0,0,0,0,0,0,0,0,0,0,0,0,0,0,0,0,0,0,0,0,0,0,0,0,0,0,0,0,0,0
BX-912,26,12,26,26,37,4,26,12,5,26,4,22,38,5,37,26,13,22,26,26,22,26,26,4,22,26,13,5,37,26,14,22,37,26,22,26,4,26,4,22,37,14,5,37,26,26,26,15,22,26,37,22,26,37,15,5,25,69,0,0,0,0,0,0,0,0,0,0,0,0,0,0,0,0,0,0,0,0,0,0,0,0,0,0,0,0,0,0,0,0,0,0,0,0,0,0,0,0,0,0,0,0,0,0,0,0,0,0,0,0,0,0,0,0,0,0,0,0,0,0,0,0,0,0,0,0,0,0,0,0,0,0,0,0,0,0,0,0,0,0,0,0,0,0,0,0,0,0,0,0,0,0,0,0,0
Camptothecin,26,26,26,12,4,26,13,22,26,4,26,38,26,12,22,38,5,26,4,22,38,5,37,14,26,26,15,22,26,26,16,22,26,26,22,26,26,22,26,16,37,22,26,15,26,14,22,26,13,5,38,0,0,0,0,0,0,0,0,0,0,0,0,0,0,0,0,0,0,0,0,0,0,0,0,0,0,0,0,0,0,0,0,0,0,0,0,0,0,0,0,0,0,0,0,0,0,0,0,0,0,0,0,0,0,0,0,0,0,0,0,0,0,0,0,0,0,0,0,0,0,0,0,0,0,0,0,0,0,0,0,0,0,0,0,0,0,0,0,0,0,0,0,0,0,0,0,0,0,0,0,0,0,0,0
GSK1070916,26,26,37,12,26,22,26,4,26,4,22,37,12,5,26,13,22,26,26,22,26,4,26,22,26,13,5,37,26,4,22,38,5,37,4,26,5,26,5,26,14,22,26,15,26,22,26,4,37,26,15,22,37,26,22,26,14,5,26,16,22,26,26,4,22,26,26,22,26,16,5,26,37,4,26,5,26,0,0,0,0,0,0,0,0,0,0,0,0,0,0,0,0,0,0,0,0,0,0,0,0,0,0,0,0,0,0,0,0,0,0,0,0,0,0,0,0,0,0,0,0,0,0,0,0,0,0,0,0,0,0,0,0,0,0,0,0,0,0,0,0,0,0,0,0,0,0,0,0,0,0,0,0,0,0
Lestauritinib,26,26,12,13,26,4,26,26,4,38,12,5,37,14,26,15,22,26,26,22,26,26,22,26,15,26,16,22,26,17,26,4,22,26,18,26,19,22,26,26,22,26,26,22,26,19,37,13,26,18,22,26,16,14,5,26,37,26,17,22,38,5,4,26,38,5,38,0,0,0,0,0,0,0,0,0,0,0,0,0,0,0,0,0,0,0,0,0,0,0,0,0,0,0,0,0,0,0,0,0,0,0,0,0,0,0,0,0,0,0,0,0,0,0,0,0,0,0,0,0,0,0,0,0,0,0,0,0,0,0,0,0,0,0,0,0,0,0,0,0,0,0,0,0,0,0,0,0,0,0,0,0,0,0,0
AZD6482,26,26,12,22,26,37,13,26,4,22,38,5,26,22,26,4,37,22,26,13,26,4,22,26,12,5,26,4,26,5,37,26,14,22,26,26,22,26,26,22,26,14,26,4,22,38,5,38,5,37,15,26,26,38,26,26,15,0,0,0,0,0,0,0,0,0,0,0,0,0,0,0,0,0,0,0,0,0,0,0,0,0,0,0,0,0,0,0,0,0,0,0,0,0,0,0,0,0,0,0,0,0,0,0,0,0,0,0,0,0,0,0,0,0,0,0,0,0,0,0,0,0,0,0,0,0,0,0,0,0,0,0,0,0,0,0,0,0,0,0,0,0,0,0,0,0,0,0,0,0,0,0,0,0,0
QL-XII-61,26,26,12,22,26,4,26,22,26,4,26,22,26,12,5,37,13,26,4,22,38,5,26,22,26,26,14,22,26,37,22,26,15,26,22,26,26,4,22,26,26,15,22,26,14,13,5,26,16,22,26,26,22,26,4,26,22,26,16,5,37,42,4,22,38,5,4,22,38,5,26,5,37,26,4,22,38,5,26,22,26,0,0,0,0,0,0,0,0,0,0,0,0,0,0,0,0,0,0,0,0,0,0,0,0,0,0,0,0,0,0,0,0,0,0,0,0,0,0,0,0,0,0,0,0,0,0,0,0,0,0,0,0,0,0,0,0,0,0,0,0,0,0,0,0,0,0,0,0,0,0,0,0,0,0
Idelalisib,26,26,26,4,26,12,22,37,26,13,22,26,4,26,4,22,26,26,22,26,13,5,29,5,26,4,22,38,5,37,12,26,14,22,26,26,22,26,26,22,26,14,5,37,26,15,22,37,26,22,37,26,16,22,26,15,37,26,22,37,16,0,0,0,0,0,0,0,0,0,0,0,0,0,0,0,0,0,0,0,0,0,0,0,0,0,0,0,0,0,0,0,0,0,0,0,0,0,0,0,0,0,0,0,0,0,0,0,0,0,0,0,0,0,0,0,0,0,0,0,0,0,0,0,0,0,0,0,0,0,0,0,0,0,0,0,0,0,0,0,0,0,0,0,0,0,0,0,0,0,0,0,0,0,0
GSK690693,26,26,37,12,26,13,22,26,4,26,4,22,37,26,22,26,13,38,26,26,14,26,26,26,37,26,14,5,26,2,26,26,4,26,5,4,26,5,38,5,37,22,26,12,26,15,22,37,38,37,22,26,15,37,0,0,0,0,0,0,0,0,0,0,0,0,0,0,0,0,0,0,0,0,0,0,0,0,0,0,0,0,0,0,0,0,0,0,0,0,0,0,0,0,0,0,0,0,0,0,0,0,0,0,0,0,0,0,0,0,0,0,0,0,0,0,0,0,0,0,0,0,0,0,0,0,0,0,0,0,0,0,0,0,0,0,0,0,0,0,0,0,0,0,0,0,0,0,0,0,0,0,0,0,0
Dacinostat,26,12,22,26,26,22,26,13,26,4,22,26,12,5,26,4,22,26,37,13,5,26,26,37,4,26,26,38,5,26,26,14,22,26,26,22,26,4,26,22,26,14,5,26,22,26,26,4,22,38,5,37,38,0,0,0,0,0,0,0,0,0,0,0,0,0,0,0,0,0,0,0,0,0,0,0,0,0,0,0,0,0,0,0,0,0,0,0,0,0,0,0,0,0,0,0,0,0,0,0,0,0,0,0,0,0,0,0,0,0,0,0,0,0,0,0,0,0,0,0,0,0,0,0,0,0,0,0,0,0,0,0,0,0,0,0,0,0,0,0,0,0,0,0,0,0,0,0,0,0,0,0,0,0,0
NVP-TAE684,26,26,4,26,5,42,4,22,38,5,4,22,38,5,26,12,22,26,26,22,26,26,22,26,12,37,26,13,22,37,26,4,22,37,26,22,26,13,26,63,5,37,26,14,22,26,4,26,22,26,4,26,22,26,14,5,37,15,26,26,26,4,26,26,15,5,37,16,26,26,37,4,26,26,16,5,26,5,38,26,0,0,0,0,0,0,0,0,0,0,0,0,0,0,0,0,0,0,0,0,0,0,0,0,0,0,0,0,0,0,0,0,0,0,0,0,0,0,0,0,0,0,0,0,0,0,0,0,0,0,0,0,0,0,0,0,0,0,0,0,0,0,0,0,0,0,0,0,0,0,0,0,0,0,0
Tozasertib,26,26,12,22,26,26,4,22,37,37,12,5,37,26,13,22,37,26,4,22,37,26,4,22,26,13,5,37,14,26,26,37,4,26,26,14,5,26,5,42,26,15,22,26,26,22,26,4,26,22,26,15,5,37,26,4,22,38,5,26,16,26,26,16,0,0,0,0,0,0,0,0,0,0,0,0,0,0,0,0,0,0,0,0,0,0,0,0,0,0,0,0,0,0,0,0,0,0,0,0,0,0,0,0,0,0,0,0,0,0,0,0,0,0,0,0,0,0,0,0,0,0,0,0,0,0,0,0,0,0,0,0,0,0,0,0,0,0,0,0,0,0,0,0,0,0,0,0,0,0,0,0,0,0,0
NVP-BHG712,26,26,12,22,26,4,26,22,26,4,26,22,26,12,5,26,4,22,38,5,37,26,13,22,26,26,22,26,26,4,22,26,13,5,26,4,29,5,4,29,5,29,5,37,26,14,22,37,26,4,22,37,26,15,22,26,14,26,22,37,37,15,26,5,26,16,22,26,37,22,26,26,22,26,16,0,0,0,0,0,0,0,0,0,0,0,0,0,0,0,0,0,0,0,0,0,0,0,0,0,0,0,0,0,0,0,0,0,0,0,0,0,0,0,0,0,0,0,0,0,0,0,0,0,0,0,0,0,0,0,0,0,0,0,0,0,0,0,0,0,0,0,0,0,0,0,0,0,0,0,0,0,0,0,0
CP724714,26,26,12,22,37,26,22,26,4,26,22,26,12,5,38,26,13,22,26,4,26,22,26,4,26,22,26,13,5,37,26,14,22,37,26,22,37,26,15,22,26,14,26,22,26,4,26,22,26,15,5,26,22,26,26,37,26,4,22,38,5,26,38,26,5,26,0,0,0,0,0,0,0,0,0,0,0,0,0,0,0,0,0,0,0,0,0,0,0,0,0,0,0,0,0,0,0,0,0,0,0,0,0,0,0,0,0,0,0,0,0,0,0,0,0,0,0,0,0,0,0,0,0,0,0,0,0,0,0,0,0,0,0,0,0,0,0,0,0,0,0,0,0,0,0,0,0,0,0,0,0,0,0,0,0
QL-XI-92,26,26,12,22,26,4,26,22,26,4,26,22,26,12,5,26,4,22,38,5,37,26,13,22,26,26,4,22,26,26,4,22,26,13,5,26,4,29,5,4,29,5,29,5,37,26,4,22,38,5,26,22,26,5,37,26,4,22,38,5,26,14,22,26,26,22,37,38,14,0,0,0,0,0,0,0,0,0,0,0,0,0,0,0,0,0,0,0,0,0,0,0,0,0,0,0,0,0,0,0,0,0,0,0,0,0,0,0,0,0,0,0,0,0,0,0,0,0,0,0,0,0,0,0,0,0,0,0,0,0,0,0,0,0,0,0,0,0,0,0,0,0,0,0,0,0,0,0,0,0,0,0,0,0,0
MK-2206,26,12,26,26,4,26,12,5,4,26,13,22,26,26,22,26,4,26,22,26,13,5,26,14,22,26,4,26,22,26,15,26,4,22,37,14,5,26,22,26,37,16,26,15,22,37,37,26,16,22,38,5,26,17,22,26,26,22,26,26,22,26,17,5,37,0,0,0,0,0,0,0,0,0,0,0,0,0,0,0,0,0,0,0,0,0,0,0,0,0,0,0,0,0,0,0,0,0,0,0,0,0,0,0,0,0,0,0,0,0,0,0,0,0,0,0,0,0,0,0,0,0,0,0,0,0,0,0,0,0,0,0,0,0,0,0,0,0,0,0,0,0,0,0,0,0,0,0,0,0,0,0,0,0,0
BIX02189,26,37,4,26,5,26,26,12,22,26,26,4,22,26,26,22,26,12,5,37,26,4,22,26,13,26,14,22,26,4,26,22,26,4,26,22,26,14,5,26,4,22,38,5,37,4,26,5,26,5,37,26,13,22,38,5,26,15,22,26,26,22,26,26,22,26,15,0,0,0,0,0,0,0,0,0,0,0,0,0,0,0,0,0,0,0,0,0,0,0,0,0,0,0,0,0,0,0,0,0,0,0,0,0,0,0,0,0,0,0,0,0,0,0,0,0,0,0,0,0,0,0,0,0,0,0,0,0,0,0,0,0,0,0,0,0,0,0,0,0,0,0,0,0,0,0,0,0,0,0,0,0,0,0,0
PD0325901,26,12,22,26,26,4,22,26,4,26,22,26,12,32,5,29,5,37,26,13,22,26,4,26,22,26,26,4,22,26,13,29,5,29,5,26,4,22,38,5,37,38,26,26,4,26,38,5,38,0,0,0,0,0,0,0,0,0,0,0,0,0,0,0,0,0,0,0,0,0,0,0,0,0,0,0,0,0,0,0,0,0,0,0,0,0,0,0,0,0,0,0,0,0,0,0,0,0,0,0,0,0,0,0,0,0,0,0,0,0,0,0,0,0,0,0,0,0,0,0,0,0,0,0,0,0,0,0,0,0,0,0,0,0,0,0,0,0,0,0,0,0,0,0,0,0,0,0,0,0,0,0,0,0,0
Tivozanib,26,26,12,22,26,26,4,22,37,38,12,5,37,26,4,22,38,5,37,26,13,22,26,4,26,22,26,4,26,22,26,13,5,38,26,14,22,26,15,26,22,26,4,26,4,22,26,26,15,22,37,26,22,26,14,5,38,26,5,38,26,5,26,63,0,0,0,0,0,0,0,0,0,0,0,0,0,0,0,0,0,0,0,0,0,0,0,0,0,0,0,0,0,0,0,0,0,0,0,0,0,0,0,0,0,0,0,0,0,0,0,0,0,0,0,0,0,0,0,0,0,0,0,0,0,0,0,0,0,0,0,0,0,0,0,0,0,0,0,0,0,0,0,0,0,0,0,0,0,0,0,0,0,0,0
Quizartinib,26,26,4,26,5,4,26,5,26,12,22,26,26,4,22,37,38,12,5,37,26,4,22,38,5,37,26,13,22,26,26,22,26,4,26,22,26,13,5,26,14,22,26,37,15,26,16,22,26,4,26,22,26,4,26,22,26,16,5,38,26,26,37,17,26,26,38,26,26,17,5,42,26,15,22,37,14,0,0,0,0,0,0,0,0,0,0,0,0,0,0,0,0,0,0,0,0,0,0,0,0,0,0,0,0,0,0,0,0,0,0,0,0,0,0,0,0,0,0,0,0,0,0,0,0,0,0,0,0,0,0,0,0,0,0,0,0,0,0,0,0,0,0,0,0,0,0,0,0,0,0,0,0,0,0
VX-702,26,12,22,26,26,4,22,26,4,26,4,22,26,12,5,29,5,37,4,26,13,22,37,26,4,22,26,4,26,22,26,13,5,26,4,22,38,5,37,5,26,14,22,26,4,26,22,26,4,26,22,26,14,5,29,5,29,5,26,4,22,38,5,37,5,29,0,0,0,0,0,0,0,0,0,0,0,0,0,0,0,0,0,0,0,0,0,0,0,0,0,0,0,0,0,0,0,0,0,0,0,0,0,0,0,0,0,0,0,0,0,0,0,0,0,0,0,0,0,0,0,0,0,0,0,0,0,0,0,0,0,0,0,0,0,0,0,0,0,0,0,0,0,0,0,0,0,0,0,0,0,0,0,0,0
AZ628,26,26,12,22,26,4,26,22,26,4,26,22,26,12,5,37,26,4,22,38,5,26,13,22,26,26,4,22,26,26,22,26,13,5,26,4,26,5,4,26,5,26,2,37,5,37,26,14,22,26,26,15,22,26,4,26,22,26,14,5,37,22,26,37,4,26,15,22,38,5,26,0,0,0,0,0,0,0,0,0,0,0,0,0,0,0,0,0,0,0,0,0,0,0,0,0,0,0,0,0,0,0,0,0,0,0,0,0,0,0,0,0,0,0,0,0,0,0,0,0,0,0,0,0,0,0,0,0,0,0,0,0,0,0,0,0,0,0,0,0,0,0,0,0,0,0,0,0,0,0,0,0,0,0,0
WHI-P97,26,38,26,12,22,26,4,26,22,26,13,26,4,22,26,12,5,26,4,22,37,26,22,37,13,5,37,26,14,22,26,26,4,22,26,4,26,4,22,26,14,5,25,69,5,38,5,25,69,5,38,26,0,0,0,0,0,0,0,0,0,0,0,0,0,0,0,0,0,0,0,0,0,0,0,0,0,0,0,0,0,0,0,0,0,0,0,0,0,0,0,0,0,0,0,0,0,0,0,0,0,0,0,0,0,0,0,0,0,0,0,0,0,0,0,0,0,0,0,0,0,0,0,0,0,0,0,0,0,0,0,0,0,0,0,0,0,0,0,0,0,0,0,0,0,0,0,0,0,0,0,0,0,0,0
Ruxolitinib,26,12,26,26,26,4,26,12,5,26,4,26,26,2,37,5,37,13,26,22,26,4,26,22,37,13,5,26,14,22,26,15,26,22,26,37,26,15,22,37,26,22,37,14,0,0,0,0,0,0,0,0,0,0,0,0,0,0,0,0,0,0,0,0,0,0,0,0,0,0,0,0,0,0,0,0,0,0,0,0,0,0,0,0,0,0,0,0,0,0,0,0,0,0,0,0,0,0,0,0,0,0,0,0,0,0,0,0,0,0,0,0,0,0,0,0,0,0,0,0,0,0,0,0,0,0,0,0,0,0,0,0,0,0,0,0,0,0,0,0,0,0,0,0,0,0,0,0,0,0,0,0,0,0,0
NSC-207895,26,37,12,26,26,37,4,26,26,12,5,26,13,22,26,26,22,26,4,26,14,22,37,38,50,37,6,52,4,22,26,13,14,5,50,38,8,52,5,50,37,6,52,4,22,38,5,50,38,8,52,0,0,0,0,0,0,0,0,0,0,0,0,0,0,0,0,0,0,0,0,0,0,0,0,0,0,0,0,0,0,0,0,0,0,0,0,0,0,0,0,0,0,0,0,0,0,0,0,0,0,0,0,0,0,0,0,0,0,0,0,0,0,0,0,0,0,0,0,0,0,0,0,0,0,0,0,0,0,0,0,0,0,0,0,0,0,0,0,0,0,0,0,0,0,0,0,0,0,0,0,0,0,0,0
HG-5-113-01,26,26,4,26,5,42,4,22,38,5,4,22,38,5,26,12,22,26,26,22,26,26,22,26,12,37,26,13,22,26,26,4,22,37,26,14,22,26,13,26,22,26,37,14,5,37,26,15,22,37,26,22,26,4,26,22,26,15,5,26,4,22,38,5,37,26,0,0,0,0,0,0,0,0,0,0,0,0,0,0,0,0,0,0,0,0,0,0,0,0,0,0,0,0,0,0,0,0,0,0,0,0,0,0,0,0,0,0,0,0,0,0,0,0,0,0,0,0,0,0,0,0,0,0,0,0,0,0,0,0,0,0,0,0,0,0,0,0,0,0,0,0,0,0,0,0,0,0,0,0,0,0,0,0,0
Erlotinib,26,38,26,26,38,26,12,22,26,4,26,22,26,13,26,4,22,26,12,5,26,4,22,37,26,22,37,13,5,37,26,14,22,26,26,22,26,26,4,22,26,14,5,26,2,26,5,38,26,26,38,26,0,0,0,0,0,0,0,0,0,0,0,0,0,0,0,0,0,0,0,0,0,0,0,0,0,0,0,0,0,0,0,0,0,0,0,0,0,0,0,0,0,0,0,0,0,0,0,0,0,0,0,0,0,0,0,0,0,0,0,0,0,0,0,0,0,0,0,0,0,0,0,0,0,0,0,0,0,0,0,0,0,0,0,0,0,0,0,0,0,0,0,0,0,0,0,0,0,0,0,0,0,0,0
Afatinib,26,37,4,26,5,26,26,22,26,26,4,22,38,5,37,26,12,22,26,4,26,22,26,13,26,4,22,26,12,5,26,4,22,37,26,22,37,13,5,37,26,14,22,26,26,4,22,26,4,26,22,26,14,5,29,5,26,63,5,38,26,15,26,26,38,26,15,0,0,0,0,0,0,0,0,0,0,0,0,0,0,0,0,0,0,0,0,0,0,0,0,0,0,0,0,0,0,0,0,0,0,0,0,0,0,0,0,0,0,0,0,0,0,0,0,0,0,0,0,0,0,0,0,0,0,0,0,0,0,0,0,0,0,0,0,0,0,0,0,0,0,0,0,0,0,0,0,0,0,0,0,0,0,0,0
Amuvatinib,26,12,26,37,4,26,26,37,12,26,13,22,37,26,22,37,26,14,22,26,13,38,26,15,22,26,26,22,26,26,22,26,15,14,5,26,4,22,42,5,37,26,26,16,22,26,26,17,22,26,4,26,22,26,16,5,38,26,38,17,0,0,0,0,0,0,0,0,0,0,0,0,0,0,0,0,0,0,0,0,0,0,0,0,0,0,0,0,0,0,0,0,0,0,0,0,0,0,0,0,0,0,0,0,0,0,0,0,0,0,0,0,0,0,0,0,0,0,0,0,0,0,0,0,0,0,0,0,0,0,0,0,0,0,0,0,0,0,0,0,0,0,0,0,0,0,0,0,0,0,0,0,0,0,0
Crizotinib,26,26,4,26,12,22,26,4,26,22,26,26,4,22,26,12,26,63,5,29,5,26,63,5,38,26,13,22,26,4,37,22,26,26,4,22,26,13,5,26,14,22,26,37,4,37,22,26,14,5,26,15,26,26,37,26,26,15,5,37,0,0,0,0,0,0,0,0,0,0,0,0,0,0,0,0,0,0,0,0,0,0,0,0,0,0,0,0,0,0,0,0,0,0,0,0,0,0,0,0,0,0,0,0,0,0,0,0,0,0,0,0,0,0,0,0,0,0,0,0,0,0,0,0,0,0,0,0,0,0,0,0,0,0,0,0,0,0,0,0,0,0,0,0,0,0,0,0,0,0,0,0,0,0,0
NSC-87877,26,12,22,26,26,13,22,26,4,26,4,22,38,5,26,4,22,37,37,26,14,22,26,26,15,22,26,4,26,22,26,14,5,26,22,26,4,26,22,26,15,5,42,4,22,38,5,4,22,38,5,38,5,26,22,26,13,42,4,22,38,5,4,22,38,5,38,5,37,22,26,12,0,0,0,0,0,0,0,0,0,0,0,0,0,0,0,0,0,0,0,0,0,0,0,0,0,0,0,0,0,0,0,0,0,0,0,0,0,0,0,0,0,0,0,0,0,0,0,0,0,0,0,0,0,0,0,0,0,0,0,0,0,0,0,0,0,0,0,0,0,0,0,0,0,0,0,0,0,0,0,0,0,0,0
JNK-9L,26,12,26,38,26,26,37,12,26,13,22,26,26,4,22,26,26,4,22,26,13,5,26,14,22,37,26,4,22,37,26,22,26,14,5,37,26,15,22,26,26,22,26,4,26,22,26,15,5,37,16,26,22,37,26,4,22,37,16,5,37,17,26,26,38,26,26,17,5,29,0,0,0,0,0,0,0,0,0,0,0,0,0,0,0,0,0,0,0,0,0,0,0,0,0,0,0,0,0,0,0,0,0,0,0,0,0,0,0,0,0,0,0,0,0,0,0,0,0,0,0,0,0,0,0,0,0,0,0,0,0,0,0,0,0,0,0,0,0,0,0,0,0,0,0,0,0,0,0,0,0,0,0,0,0
ZG-10,38,22,26,4,26,12,22,26,26,22,26,4,37,26,4,26,22,26,26,37,4,26,5,26,5,22,38,5,26,22,26,12,5,37,26,13,22,26,26,4,37,26,14,22,37,26,4,26,15,22,26,26,22,26,37,22,26,15,5,22,26,26,22,37,14,5,22,26,26,22,26,13,0,0,0,0,0,0,0,0,0,0,0,0,0,0,0,0,0,0,0,0,0,0,0,0,0,0,0,0,0,0,0,0,0,0,0,0,0,0,0,0,0,0,0,0,0,0,0,0,0,0,0,0,0,0,0,0,0,0,0,0,0,0,0,0,0,0,0,0,0,0,0,0,0,0,0,0,0,0,0,0,0,0,0
Nutlin-3a (-),26,26,4,26,5,38,26,12,22,26,4,26,22,26,26,4,22,26,12,5,38,26,5,26,13,22,37,26,4,26,4,37,13,26,4,22,38,5,37,14,26,26,37,26,4,22,38,5,26,14,5,26,15,22,26,26,22,26,4,26,22,26,15,5,26,63,5,26,16,22,26,26,22,26,4,26,22,26,16,5,26,63,0,0,0,0,0,0,0,0,0,0,0,0,0,0,0,0,0,0,0,0,0,0,0,0,0,0,0,0,0,0,0,0,0,0,0,0,0,0,0,0,0,0,0,0,0,0,0,0,0,0,0,0,0,0,0,0,0,0,0,0,0,0,0,0,0,0,0,0,0,0,0,0,0
DMOG,26,38,26,4,22,38,5,26,37,26,4,22,38,5,26,4,22,38,5,38,26,0,0,0,0,0,0,0,0,0,0,0,0,0,0,0,0,0,0,0,0,0,0,0,0,0,0,0,0,0,0,0,0,0,0,0,0,0,0,0,0,0,0,0,0,0,0,0,0,0,0,0,0,0,0,0,0,0,0,0,0,0,0,0,0,0,0,0,0,0,0,0,0,0,0,0,0,0,0,0,0,0,0,0,0,0,0,0,0,0,0,0,0,0,0,0,0,0,0,0,0,0,0,0,0,0,0,0,0,0,0,0,0,0,0,0,0,0,0,0,0,0,0,0,0,0,0,0,0,0,0,0,0,0,0
PD173074,26,26,37,4,26,26,5,26,26,26,26,37,26,12,22,37,26,13,22,37,26,4,22,26,4,26,22,26,13,26,22,37,12,5,26,14,22,26,26,4,22,26,26,4,22,26,14,5,38,26,5,38,26,5,37,26,4,22,38,5,37,26,4,26,5,4,26,5,26,0,0,0,0,0,0,0,0,0,0,0,0,0,0,0,0,0,0,0,0,0,0,0,0,0,0,0,0,0,0,0,0,0,0,0,0,0,0,0,0,0,0,0,0,0,0,0,0,0,0,0,0,0,0,0,0,0,0,0,0,0,0,0,0,0,0,0,0,0,0,0,0,0,0,0,0,0,0,0,0,0,0,0,0,0,0
KIN001-266,26,26,37,12,26,26,26,4,26,26,12,5,37,13,26,22,26,4,37,22,37,13,5,26,37,26,14,22,26,26,4,22,26,15,26,4,22,26,14,5,26,4,22,26,4,26,22,37,15,5,26,2,37,5,37,26,16,22,26,26,4,22,26,4,26,22,26,16,5,29,5,26,63,5,26,63,0,0,0,0,0,0,0,0,0,0,0,0,0,0,0,0,0,0,0,0,0,0,0,0,0,0,0,0,0,0,0,0,0,0,0,0,0,0,0,0,0,0,0,0,0,0,0,0,0,0,0,0,0,0,0,0,0,0,0,0,0,0,0,0,0,0,0,0,0,0,0,0,0,0,0,0,0,0,0
Sunitinib,26,26,37,4,26,26,5,26,26,37,26,4,22,38,5,26,12,22,26,4,37,26,4,22,26,12,26,5,26,22,26,13,26,14,22,26,4,26,22,26,26,4,22,26,14,5,29,5,37,26,13,22,38,5,26,0,0,0,0,0,0,0,0,0,0,0,0,0,0,0,0,0,0,0,0,0,0,0,0,0,0,0,0,0,0,0,0,0,0,0,0,0,0,0,0,0,0,0,0,0,0,0,0,0,0,0,0,0,0,0,0,0,0,0,0,0,0,0,0,0,0,0,0,0,0,0,0,0,0,0,0,0,0,0,0,0,0,0,0,0,0,0,0,0,0,0,0,0,0,0,0,0,0,0,0
Lenalidomide,26,12,26,26,4,22,38,5,37,26,4,22,38,5,26,12,37,13,26,26,14,22,26,4,26,13,22,38,5,26,22,26,26,22,26,14,37,0,0,0,0,0,0,0,0,0,0,0,0,0,0,0,0,0,0,0,0,0,0,0,0,0,0,0,0,0,0,0,0,0,0,0,0,0,0,0,0,0,0,0,0,0,0,0,0,0,0,0,0,0,0,0,0,0,0,0,0,0,0,0,0,0,0,0,0,0,0,0,0,0,0,0,0,0,0,0,0,0,0,0,0,0,0,0,0,0,0,0,0,0,0,0,0,0,0,0,0,0,0,0,0,0,0,0,0,0,0,0,0,0,0,0,0,0,0
